filename,species_label,scientific_name,taxon_id,observation_id,photo_id,observer,observed_on,latitude,longitude,photo_url,license
data\pterois_dataset\raw\pterois_volitans\pterois_volitans_0001.jpg,pterois_volitans,Pterois volitans,47280,389332067,713138461,wild___max,2026-08-07,17.6471670459,-63.2556909327,https://inaturalist-open-data.s3.amazonaws.com/photos/713138461/large.jpg,cc-by-nc
data\pterois_dataset\raw\pterois_volitans\pterois_volitans_0002.jpg,pterois_volitans,Pterois volitans,47280,389332052,713138242,wild___max,2026-08-07,17.6471670459,-63.2556909327,https://inaturalist-open-data.s3.amazonaws.com/photos/713138242/large.jpg,cc-by-nc
data\pterois_dataset\raw\pterois_volitans\pterois_volitans_0003.jpg,pterois_volitans,Pterois volitans,47280,389167753,712395330,julien9uwr,2026-05-13,-0.6476328021,130.3142028829,https://inaturalist-open-data.s3.amazonaws.com/photos/712395330/large.jpg,cc-by-nc
data\pterois_dataset\raw\pterois_volitans\pterois_volitans_0004.jpg,pterois_volitans,Pterois volitans,47280,389167682,712394744,julien9uwr,2026-05-13,-0.6476328021,130.3142028829,https://inaturalist-open-data.s3.amazonaws.com/photos/712394744/large.jpg,cc-by-nc
data\pterois_dataset\raw\pterois_volitans\pterois_volitans_0005.jpg,pterois_volitans,Pterois volitans,47280,389167681,712394720,julien9uwr,2026-05-13,-0.6476328021,130.3142028829,https://inaturalist-open-data.s3.amazonaws.com/photos/712394720/large.jpg,cc-by-nc
data\pterois_dataset\raw\pterois_volitans\pterois_volitans_0006.jpg,pterois_volitans,Pterois volitans,47280,389133921,712753650,ramon_van_der_veen,2026-08-06,10.3209028018,-75.5806240169,https://inaturalist-open-data.s3.amazonaws.com/photos/712753650/large.jpg,cc-by-nc
data\pterois_dataset\raw\pterois_volitans\pterois_volitans_0007.jpg,pterois_volitans,Pterois volitans,47280,388843337,712207981,kimheadlee,2017-05-11,18.458202,-77.3984704,https://static.inaturalist.org/photos/712207981/large.jpg,
data\pterois_dataset\raw\pterois_volitans\pterois_volitans_0008.jpg,pterois_volitans,Pterois volitans,47280,388655308,711842912,mlegaspi,2023-07-21,18.4757005557,-66.3161117679,https://inaturalist-open-data.s3.amazonaws.com/photos/711842912/large.jpg,cc-by-nc
data\pterois_dataset\raw\pterois_volitans\pterois_volitans_0009.jpg,pterois_volitans,Pterois volitans,47280,388653254,711839390,mlegaspi,2023-07-23,18.4764593075,-66.3137055242,https://inaturalist-open-data.s3.amazonaws.com/photos/711839390/large.jpg,cc-by-nc
data\pterois_dataset\raw\pterois_volitans\pterois_volitans_0010.jpg,pterois_volitans,Pterois volitans,47280,388642331,711818988,wild___max,2026-08-03,17.9845145764,-63.0472659022,https://inaturalist-open-data.s3.amazonaws.com/photos/711818988/large.jpg,cc-by-nc
data\pterois_dataset\raw\pterois_volitans\pterois_volitans_0011.jpg,pterois_volitans,Pterois volitans,47280,388556457,711625910,matteobellu239,2026-05-30,14.6371776303,-61.1380062337,https://inaturalist-open-data.s3.amazonaws.com/photos/711625910/large.jpg,cc-by
data\pterois_dataset\raw\pterois_volitans\pterois_volitans_0012.jpg,pterois_volitans,Pterois volitans,47280,388517527,711569559,oridgen10,2026-08-05,26.1121155067,-80.0543045682,https://static.inaturalist.org/photos/711569559/large.jpg,
data\pterois_dataset\raw\pterois_volitans\pterois_volitans_0013.jpg,pterois_volitans,Pterois volitans,47280,388490885,711521622,katchristian,2025-07-03,16.9671963147,-88.1605779352,https://inaturalist-open-data.s3.amazonaws.com/photos/711521622/large.jpg,cc-by-nc
data\pterois_dataset\raw\pterois_volitans\pterois_volitans_0014.jpg,pterois_volitans,Pterois volitans,47280,388309915,711140183,julien9uwr,2026-05-12,-0.566787,130.275625,https://inaturalist-open-data.s3.amazonaws.com/photos/711140183/large.jpg,cc-by-nc
data\pterois_dataset\raw\pterois_volitans\pterois_volitans_0015.jpg,pterois_volitans,Pterois volitans,47280,388309897,711139944,julien9uwr,2026-05-12,-0.566787,130.275625,https://inaturalist-open-data.s3.amazonaws.com/photos/711139944/large.jpg,cc-by-nc
data\pterois_dataset\raw\pterois_volitans\pterois_volitans_0016.jpg,pterois_volitans,Pterois volitans,47280,388261516,711072042,skippychompy,2026-08-04,24.7261006062,-77.7843659802,https://static.inaturalist.org/photos/711072042/large.jpg,
data\pterois_dataset\raw\pterois_volitans\pterois_volitans_0017.jpg,pterois_volitans,Pterois volitans,47280,388156826,710868040,henrycarrick,2026-05-30,-32.1240541418,115.7584903227,https://inaturalist-open-data.s3.amazonaws.com/photos/710868040/large.jpg,cc-by-nc
data\pterois_dataset\raw\pterois_volitans\pterois_volitans_0018.jpg,pterois_volitans,Pterois volitans,47280,388137116,710832143,steve86431,2026-07-18,16.3282935956,-86.4999053148,https://inaturalist-open-data.s3.amazonaws.com/photos/710832143/large.jpg,cc-by-nc
data\pterois_dataset\raw\pterois_volitans\pterois_volitans_0019.jpg,pterois_volitans,Pterois volitans,47280,388094165,710744849,r_lai,2026-07-09,22.638745,121.4794883333,https://inaturalist-open-data.s3.amazonaws.com/photos/710744849/large.jpg,cc-by-nc
data\pterois_dataset\raw\pterois_volitans\pterois_volitans_0020.jpg,pterois_volitans,Pterois volitans,47280,388093804,710744204,r_lai,2026-07-09,22.638745,121.4794883333,https://inaturalist-open-data.s3.amazonaws.com/photos/710744204/large.jpg,cc-by-nc
data\pterois_dataset\raw\pterois_volitans\pterois_volitans_0021.jpg,pterois_volitans,Pterois volitans,47280,388090587,710737469,r_lai,2026-07-09,22.638745,121.4794883333,https://inaturalist-open-data.s3.amazonaws.com/photos/710737469/large.jpg,cc-by-nc
data\pterois_dataset\raw\pterois_volitans\pterois_volitans_0022.jpg,pterois_volitans,Pterois volitans,47280,387959634,710477438,madspotter,2026-08-03,12.2009849468,-68.3178304885,https://inaturalist-open-data.s3.amazonaws.com/photos/710477438/large.jpg,cc-by-nc
data\pterois_dataset\raw\pterois_volitans\pterois_volitans_0023.jpg,pterois_volitans,Pterois volitans,47280,387937445,710420961,matteobellu239,2026-05-28,14.4615949178,-60.9121347013,https://inaturalist-open-data.s3.amazonaws.com/photos/710420961/large.jpg,cc-by
data\pterois_dataset\raw\pterois_volitans\pterois_volitans_0024.jpg,pterois_volitans,Pterois volitans,47280,387823014,710154868,sue_churchill,2010-10-30,-0.9107,130.6079,https://inaturalist-open-data.s3.amazonaws.com/photos/710154868/large.jpg,cc-by-nc
data\pterois_dataset\raw\pterois_volitans\pterois_volitans_0025.jpg,pterois_volitans,Pterois volitans,47280,387571778,709720312,josylai,2026-08-02,4.2507047883,118.6310070452,https://inaturalist-open-data.s3.amazonaws.com/photos/709720312/large.jpg,cc-by-nc
data\pterois_dataset\raw\pterois_volitans\pterois_volitans_0026.jpg,pterois_volitans,Pterois volitans,47280,387558586,709688228,yoshi2026,2025-05-03,-8.2786335,115.5966361,https://inaturalist-open-data.s3.amazonaws.com/photos/709688228/large.jpg,cc-by-nc
data\pterois_dataset\raw\pterois_volitans\pterois_volitans_0027.jpg,pterois_volitans,Pterois volitans,47280,387405577,709403207,macykrishnamoorthy,2026-08-01,20.3707383333,-87.025025,https://inaturalist-open-data.s3.amazonaws.com/photos/709403207/large.jpg,cc-by-nc
data\pterois_dataset\raw\pterois_volitans\pterois_volitans_0028.jpg,pterois_volitans,Pterois volitans,47280,387398417,709387427,michael_cantillo,2024-07-10,10.1697267,-75.6568053159,https://inaturalist-open-data.s3.amazonaws.com/photos/709387427/large.jpg,cc-by
data\pterois_dataset\raw\pterois_volitans\pterois_volitans_0029.jpg,pterois_volitans,Pterois volitans,47280,387373056,709332239,jonaull,2026-08-01,28.4058751679,129.4967432346,https://inaturalist-open-data.s3.amazonaws.com/photos/709332239/large.jpg,cc-by-nc
data\pterois_dataset\raw\pterois_volitans\pterois_volitans_0030.jpg,pterois_volitans,Pterois volitans,47280,387057614,708712098,spirula,2026-07-29,19.3837727909,-81.4173769511,https://inaturalist-open-data.s3.amazonaws.com/photos/708712098/large.jpg,cc-by-nc
data\pterois_dataset\raw\pterois_volitans\pterois_volitans_0031.jpg,pterois_volitans,Pterois volitans,47280,386907763,708445504,mantaraylove,2026-07-31,12.1241798469,-68.972235025,https://inaturalist-open-data.s3.amazonaws.com/photos/708445504/large.jpg,cc-by-nc
data\pterois_dataset\raw\pterois_volitans\pterois_volitans_0032.jpg,pterois_volitans,Pterois volitans,47280,386907376,708444594,mantaraylove,2026-07-31,12.2346169316,-69.1032493436,https://inaturalist-open-data.s3.amazonaws.com/photos/708444594/large.jpg,cc-by-nc
data\pterois_dataset\raw\pterois_volitans\pterois_volitans_0033.jpg,pterois_volitans,Pterois volitans,47280,386907350,708444523,mantaraylove,2026-07-31,12.3140977211,-69.152201872,https://inaturalist-open-data.s3.amazonaws.com/photos/708444523/large.jpg,cc-by-nc
data\pterois_dataset\raw\pterois_volitans\pterois_volitans_0034.jpg,pterois_volitans,Pterois volitans,47280,386895574,708418108,mael_andrieux,2026-07-30,16.1642825124,-61.3787117161,https://inaturalist-open-data.s3.amazonaws.com/photos/708418108/large.jpg,cc-by-nc
data\pterois_dataset\raw\pterois_volitans\pterois_volitans_0035.jpg,pterois_volitans,Pterois volitans,47280,386895546,708405316,mael_andrieux,2026-07-25,15.950894345,-61.7102423421,https://inaturalist-open-data.s3.amazonaws.com/photos/708405316/large.jpg,cc-by-nc
data\pterois_dataset\raw\pterois_volitans\pterois_volitans_0036.jpg,pterois_volitans,Pterois volitans,47280,386845614,708327076,riki_paleatus,2026-07-31,-27.4738102323,153.4154625993,https://inaturalist-open-data.s3.amazonaws.com/photos/708327076/large.jpg,cc-by-nc
data\pterois_dataset\raw\pterois_volitans\pterois_volitans_0037.jpg,pterois_volitans,Pterois volitans,47280,386837887,708311755,chugnin,2026-07-06,1.4807975545,125.2521107115,https://static.inaturalist.org/photos/708311755/large.jpg,
data\pterois_dataset\raw\pterois_volitans\pterois_volitans_0038.jpg,pterois_volitans,Pterois volitans,47280,386821418,708279225,chugnin,2026-06-28,1.6053361395,124.7674497943,https://static.inaturalist.org/photos/708279225/large.jpg,
data\pterois_dataset\raw\pterois_volitans\pterois_volitans_0039.jpg,pterois_volitans,Pterois volitans,47280,386815845,708270082,viviroceania,2026-07-30,-32.1379744085,115.7442251698,https://inaturalist-open-data.s3.amazonaws.com/photos/708270082/large.jpg,cc-by-nc
data\pterois_dataset\raw\pterois_volitans\pterois_volitans_0040.jpg,pterois_volitans,Pterois volitans,47280,386788883,708217706,mantaraylove,2026-07-31,12.3237304971,-69.1557235767,https://inaturalist-open-data.s3.amazonaws.com/photos/708217706/large.jpg,cc-by-nc
data\pterois_dataset\raw\pterois_volitans\pterois_volitans_0041.jpg,pterois_volitans,Pterois volitans,47280,386788782,708217414,mantaraylove,2026-07-31,12.2634954376,-69.1262649917,https://inaturalist-open-data.s3.amazonaws.com/photos/708217414/large.jpg,cc-by-nc
data\pterois_dataset\raw\pterois_volitans\pterois_volitans_0042.jpg,pterois_volitans,Pterois volitans,47280,386784026,708206979,riseoftheturtles,2017-10-25,-28.1964935803,153.578708476,https://inaturalist-open-data.s3.amazonaws.com/photos/708206979/large.jpg,cc-by-nc
data\pterois_dataset\raw\pterois_volitans\pterois_volitans_0043.jpg,pterois_volitans,Pterois volitans,47280,386678385,707974889,myrrel,2026-07-12,9.9837079498,123.3704413658,https://inaturalist-open-data.s3.amazonaws.com/photos/707974889/large.jpg,cc-by-nc
data\pterois_dataset\raw\pterois_volitans\pterois_volitans_0044.jpg,pterois_volitans,Pterois volitans,47280,386630234,707915081,sebastian_hb,2026-07-24,20.5737644415,-87.1173397824,https://inaturalist-open-data.s3.amazonaws.com/photos/707915081/large.jpg,cc-by
data\pterois_dataset\raw\pterois_volitans\pterois_volitans_0045.jpg,pterois_volitans,Pterois volitans,47280,386520909,707708789,albeer23,2026-07-22,-14.8874263359,145.6981014596,https://static.inaturalist.org/photos/707708789/large.jpg,
data\pterois_dataset\raw\pterois_volitans\pterois_volitans_0046.jpg,pterois_volitans,Pterois volitans,47280,386510210,707688099,albeer23,2026-07-17,-14.8874263359,145.6981014596,https://static.inaturalist.org/photos/707688099/large.jpg,
data\pterois_dataset\raw\pterois_volitans\pterois_volitans_0047.jpg,pterois_volitans,Pterois volitans,47280,386464760,707595481,romanbranchereau,2026-07-07,-16.0800253981,-145.7149985909,https://static.inaturalist.org/photos/707595481/large.jpg,
data\pterois_dataset\raw\pterois_volitans\pterois_volitans_0048.jpg,pterois_volitans,Pterois volitans,47280,386421148,707512168,wild___max,2026-07-27,18.009981498,-63.0064653625,https://inaturalist-open-data.s3.amazonaws.com/photos/707512168/large.jpg,cc-by-nc
data\pterois_dataset\raw\pterois_volitans\pterois_volitans_0049.jpg,pterois_volitans,Pterois volitans,47280,386336580,707351877,naturegoody,2026-07-24,12.341205,-69.1527555,https://inaturalist-open-data.s3.amazonaws.com/photos/707351877/large.jpg,cc-by-nc
data\pterois_dataset\raw\pterois_volitans\pterois_volitans_0050.jpg,pterois_volitans,Pterois volitans,47280,386326527,707326492,carlosvillaola,2026-07-22,19.236409,-96.07056,https://inaturalist-open-data.s3.amazonaws.com/photos/707326492/large.jpg,cc-by-nc
data\pterois_dataset\raw\pterois_volitans\pterois_volitans_0051.jpg,pterois_volitans,Pterois volitans,47280,386236198,707164743,midlifecrustaceans,2026-07-29,-18.6119915862,146.4849537984,https://static.inaturalist.org/photos/707164743/large.jpg,
data\pterois_dataset\raw\pterois_volitans\pterois_volitans_0052.jpg,pterois_volitans,Pterois volitans,47280,386209209,707112446,maxdebeer,2026-07-29,-8.7251803136,157.3999638953,https://inaturalist-open-data.s3.amazonaws.com/photos/707112446/large.jpg,cc-by-nc
data\pterois_dataset\raw\pterois_volitans\pterois_volitans_0053.jpg,pterois_volitans,Pterois volitans,47280,386156259,707010577,vx-jameer,2026-07-04,10.7786402717,-61.3970866674,https://static.inaturalist.org/photos/707010577/large.jpg,
data\pterois_dataset\raw\pterois_volitans\pterois_volitans_0054.jpg,pterois_volitans,Pterois volitans,47280,386058646,706821682,agent_13,2026-07-27,17.7504090443,-64.8922819644,https://inaturalist-open-data.s3.amazonaws.com/photos/706821682/large.jpg,cc-by-nc
data\pterois_dataset\raw\pterois_volitans\pterois_volitans_0055.jpg,pterois_volitans,Pterois volitans,47280,385987859,706679064,tmenut,2026-07-15,9.923890103,123.3430543902,https://inaturalist-open-data.s3.amazonaws.com/photos/706679064/large.jpg,cc-by-nc
data\pterois_dataset\raw\pterois_volitans\pterois_volitans_0056.jpg,pterois_volitans,Pterois volitans,47280,385969061,706641120,tmenut,2026-07-09,9.9805282248,123.3689538364,https://inaturalist-open-data.s3.amazonaws.com/photos/706641120/large.jpg,cc-by-nc
data\pterois_dataset\raw\pterois_volitans\pterois_volitans_0057.jpg,pterois_volitans,Pterois volitans,47280,385959432,706632693,masterreefpanda,2026-07-27,-23.4421824279,151.9137683138,https://static.inaturalist.org/photos/706632693/large.jpg,
data\pterois_dataset\raw\pterois_volitans\pterois_volitans_0058.jpg,pterois_volitans,Pterois volitans,47280,385878267,706475898,jmjb,2026-07-28,-18.4088042099,178.0898650024,https://inaturalist-open-data.s3.amazonaws.com/photos/706475898/large.jpg,cc-by-nc
data\pterois_dataset\raw\pterois_volitans\pterois_volitans_0059.jpg,pterois_volitans,Pterois volitans,47280,385872625,706465770,ryanzichengxu,2026-07-28,4.246245,118.637305,https://inaturalist-open-data.s3.amazonaws.com/photos/706465770/large.jpg,cc-by-nc
data\pterois_dataset\raw\pterois_volitans\pterois_volitans_0060.jpg,pterois_volitans,Pterois volitans,47280,385857124,706433077,zvakanaka,2026-07-23,-8.3667,119.5833,https://inaturalist-open-data.s3.amazonaws.com/photos/706433077/large.jpg,cc-by-nc-sa
data\pterois_dataset\raw\pterois_volitans\pterois_volitans_0061.jpg,pterois_volitans,Pterois volitans,47280,385856142,706427710,flyingember,2026-07-23,18.0003166667,-87.9079222222,https://inaturalist-open-data.s3.amazonaws.com/photos/706427710/large.jpg,cc-by-nc
data\pterois_dataset\raw\pterois_volitans\pterois_volitans_0062.jpg,pterois_volitans,Pterois volitans,47280,385820724,706341396,spirula,2026-07-26,19.3091009401,-81.3912683726,https://inaturalist-open-data.s3.amazonaws.com/photos/706341396/large.jpg,cc-by-nc
data\pterois_dataset\raw\pterois_volitans\pterois_volitans_0063.jpg,pterois_volitans,Pterois volitans,47280,385807983,706335954,raphael95230,2025-07-27,18.4953743805,-77.6022511068,https://inaturalist-open-data.s3.amazonaws.com/photos/706335954/large.jpg,cc-by-nc
data\pterois_dataset\raw\pterois_volitans\pterois_volitans_0064.jpg,pterois_volitans,Pterois volitans,47280,385645719,706019283,amiladg,2025-05-03,9.169123,123.249776,https://inaturalist-open-data.s3.amazonaws.com/photos/706019283/large.jpg,cc-by-nc
data\pterois_dataset\raw\pterois_volitans\pterois_volitans_0065.jpg,pterois_volitans,Pterois volitans,47280,385645718,706019276,amiladg,2025-05-03,9.169123,123.249776,https://inaturalist-open-data.s3.amazonaws.com/photos/706019276/large.jpg,cc-by-nc
data\pterois_dataset\raw\pterois_volitans\pterois_volitans_0066.jpg,pterois_volitans,Pterois volitans,47280,385618264,705973234,hardyhancock,2026-06-30,2.1351572308,118.5043478739,https://inaturalist-open-data.s3.amazonaws.com/photos/705973234/large.jpg,cc-by-nc
data\pterois_dataset\raw\pterois_volitans\pterois_volitans_0067.jpg,pterois_volitans,Pterois volitans,47280,385613391,705966710,hugoism,2026-07-27,13.7582663539,120.9089185548,https://inaturalist-open-data.s3.amazonaws.com/photos/705966710/large.jpg,cc-by-nc
data\pterois_dataset\raw\pterois_volitans\pterois_volitans_0068.jpg,pterois_volitans,Pterois volitans,47280,385496485,705730496,spirula,2026-07-26,19.2586419193,-81.3855827181,https://inaturalist-open-data.s3.amazonaws.com/photos/705730496/large.jpg,cc-by-nc
data\pterois_dataset\raw\pterois_volitans\pterois_volitans_0069.jpg,pterois_volitans,Pterois volitans,47280,385421610,705595593,jyunebug,2026-07-14,20.3881916667,-87.0401111667,https://static.inaturalist.org/photos/705595593/large.jpg,
data\pterois_dataset\raw\pterois_volitans\pterois_volitans_0070.jpg,pterois_volitans,Pterois volitans,47280,385420984,705594151,jyunebug,2026-07-14,20.3881916667,-87.0401111667,https://static.inaturalist.org/photos/705594151/large.jpg,
data\pterois_dataset\raw\pterois_volitans\pterois_volitans_0071.jpg,pterois_volitans,Pterois volitans,47280,385253534,705285142,raphael95230,2026-07-25,18.4426737706,-77.9458771273,https://inaturalist-open-data.s3.amazonaws.com/photos/705285142/large.jpg,cc-by-nc
data\pterois_dataset\raw\pterois_volitans\pterois_volitans_0072.jpg,pterois_volitans,Pterois volitans,47280,385227405,705244780,ivansls,2015-06-22,-8.4769070786,125.9079291138,https://inaturalist-open-data.s3.amazonaws.com/photos/705244780/large.jpg,cc-by-nc
data\pterois_dataset\raw\pterois_volitans\pterois_volitans_0073.jpg,pterois_volitans,Pterois volitans,47280,385188687,705169943,masterreefpanda,2026-07-26,-23.44218858,151.9138051942,https://static.inaturalist.org/photos/705169943/large.jpg,
data\pterois_dataset\raw\pterois_volitans\pterois_volitans_0074.jpg,pterois_volitans,Pterois volitans,47280,385007953,704796252,spirula,2026-07-24,19.3996327147,-81.3885352166,https://inaturalist-open-data.s3.amazonaws.com/photos/704796252/large.jpg,cc-by-nc
data\pterois_dataset\raw\pterois_volitans\pterois_volitans_0075.jpg,pterois_volitans,Pterois volitans,47280,385007951,704796230,spirula,2026-07-24,19.3996369914,-81.3885149778,https://inaturalist-open-data.s3.amazonaws.com/photos/704796230/large.jpg,cc-by-nc
data\pterois_dataset\raw\pterois_volitans\pterois_volitans_0076.jpg,pterois_volitans,Pterois volitans,47280,385007909,704795464,spirula,2026-07-24,19.3990277805,-81.3895939946,https://inaturalist-open-data.s3.amazonaws.com/photos/704795464/large.jpg,cc-by-nc
data\pterois_dataset\raw\pterois_volitans\pterois_volitans_0077.jpg,pterois_volitans,Pterois volitans,47280,385007906,704795471,spirula,2026-07-24,19.3990237958,-81.3895926535,https://inaturalist-open-data.s3.amazonaws.com/photos/704795471/large.jpg,cc-by-nc
data\pterois_dataset\raw\pterois_volitans\pterois_volitans_0078.jpg,pterois_volitans,Pterois volitans,47280,385004189,704808751,mhenning23,2015-12-22,24.7430716667,-80.8764833333,https://inaturalist-open-data.s3.amazonaws.com/photos/704808751/large.jpg,cc-by-nc
data\pterois_dataset\raw\pterois_volitans\pterois_volitans_0079.jpg,pterois_volitans,Pterois volitans,47280,384992403,704676701,spirula,2026-07-24,19.4001172845,-81.3894013061,https://inaturalist-open-data.s3.amazonaws.com/photos/704676701/large.jpg,cc-by-nc
data\pterois_dataset\raw\pterois_volitans\pterois_volitans_0080.jpg,pterois_volitans,Pterois volitans,47280,384992386,704676502,spirula,2026-07-24,19.4002133194,-81.3896422223,https://inaturalist-open-data.s3.amazonaws.com/photos/704676502/large.jpg,cc-by-nc
data\pterois_dataset\raw\pterois_volitans\pterois_volitans_0081.jpg,pterois_volitans,Pterois volitans,47280,384992176,704675316,spirula,2026-07-24,19.3997713933,-81.3903525729,https://inaturalist-open-data.s3.amazonaws.com/photos/704675316/large.jpg,cc-by-nc
data\pterois_dataset\raw\pterois_volitans\pterois_volitans_0082.jpg,pterois_volitans,Pterois volitans,47280,384992100,704675109,spirula,2026-07-24,19.3997979575,-81.3903782216,https://inaturalist-open-data.s3.amazonaws.com/photos/704675109/large.jpg,cc-by-nc
data\pterois_dataset\raw\pterois_volitans\pterois_volitans_0083.jpg,pterois_volitans,Pterois volitans,47280,384959207,704719815,sylvielouisy,2026-07-11,9.9812372242,123.3698332837,https://inaturalist-open-data.s3.amazonaws.com/photos/704719815/large.jpg,cc-by-nc
data\pterois_dataset\raw\pterois_volitans\pterois_volitans_0084.jpg,pterois_volitans,Pterois volitans,47280,384959202,704719799,sylvielouisy,2026-07-13,9.9812372242,123.3698332837,https://inaturalist-open-data.s3.amazonaws.com/photos/704719799/large.jpg,cc-by-nc
data\pterois_dataset\raw\pterois_volitans\pterois_volitans_0085.jpg,pterois_volitans,Pterois volitans,47280,384920072,704628164,spirula,2026-07-23,19.3964283756,-81.3963789333,https://inaturalist-open-data.s3.amazonaws.com/photos/704628164/large.jpg,cc-by-nc
data\pterois_dataset\raw\pterois_volitans\pterois_volitans_0086.jpg,pterois_volitans,Pterois volitans,47280,384920068,704628170,spirula,2026-07-23,19.3964169907,-81.3963722278,https://inaturalist-open-data.s3.amazonaws.com/photos/704628170/large.jpg,cc-by-nc
data\pterois_dataset\raw\pterois_volitans\pterois_volitans_0087.jpg,pterois_volitans,Pterois volitans,47280,384671806,704171092,sultana,2026-07-24,9.4415310183,-79.7791010974,https://inaturalist-open-data.s3.amazonaws.com/photos/704171092/large.jpg,cc-by-nc
data\pterois_dataset\raw\pterois_volitans\pterois_volitans_0088.jpg,pterois_volitans,Pterois volitans,47280,384630529,704091043,wild___max,2026-07-21,18.013609974,-63.060812719,https://inaturalist-open-data.s3.amazonaws.com/photos/704091043/large.jpg,cc-by-nc
data\pterois_dataset\raw\pterois_volitans\pterois_volitans_0089.jpg,pterois_volitans,Pterois volitans,47280,384630517,704090966,wild___max,2026-07-21,18.013609974,-63.060812719,https://inaturalist-open-data.s3.amazonaws.com/photos/704090966/large.jpg,cc-by-nc
data\pterois_dataset\raw\pterois_volitans\pterois_volitans_0090.jpg,pterois_volitans,Pterois volitans,47280,384630516,704090934,wild___max,2026-07-21,18.013609974,-63.060812719,https://inaturalist-open-data.s3.amazonaws.com/photos/704090934/large.jpg,cc-by-nc
data\pterois_dataset\raw\pterois_volitans\pterois_volitans_0091.jpg,pterois_volitans,Pterois volitans,47280,384630510,704090881,wild___max,2026-07-21,18.013609974,-63.060812719,https://inaturalist-open-data.s3.amazonaws.com/photos/704090881/large.jpg,cc-by-nc
data\pterois_dataset\raw\pterois_volitans\pterois_volitans_0092.jpg,pterois_volitans,Pterois volitans,47280,384630506,704090879,wild___max,2026-07-21,18.013609974,-63.060812719,https://inaturalist-open-data.s3.amazonaws.com/photos/704090879/large.jpg,cc-by-nc
data\pterois_dataset\raw\pterois_volitans\pterois_volitans_0093.jpg,pterois_volitans,Pterois volitans,47280,384476083,703792445,luke-b-stribling,2026-07-18,34.8689999403,139.1037976609,https://inaturalist-open-data.s3.amazonaws.com/photos/703792445/large.jpg,cc-by-nc
data\pterois_dataset\raw\pterois_volitans\pterois_volitans_0094.jpg,pterois_volitans,Pterois volitans,47280,384471077,703777302,luke-b-stribling,2026-07-19,34.8689999403,139.1037976609,https://inaturalist-open-data.s3.amazonaws.com/photos/703777302/large.jpg,cc-by-nc
data\pterois_dataset\raw\pterois_volitans\pterois_volitans_0095.jpg,pterois_volitans,Pterois volitans,47280,384471070,703777222,luke-b-stribling,2026-07-19,34.8689999403,139.1037976609,https://inaturalist-open-data.s3.amazonaws.com/photos/703777222/large.jpg,cc-by-nc
data\pterois_dataset\raw\pterois_volitans\pterois_volitans_0096.jpg,pterois_volitans,Pterois volitans,47280,384438378,703712332,spirula,2026-07-20,19.3856270755,-81.4166348409,https://inaturalist-open-data.s3.amazonaws.com/photos/703712332/large.jpg,cc-by-nc
data\pterois_dataset\raw\pterois_volitans\pterois_volitans_0097.jpg,pterois_volitans,Pterois volitans,47280,384189824,703246085,charlieglass,2015-01-04,-17.7087577388,177.1195692885,https://inaturalist-open-data.s3.amazonaws.com/photos/703246085/large.jpg,cc-by-nc
data\pterois_dataset\raw\pterois_volitans\pterois_volitans_0098.jpg,pterois_volitans,Pterois volitans,47280,383854958,702599734,neassa1800,2026-07-22,-18.0549965389,177.2866231572,https://inaturalist-open-data.s3.amazonaws.com/photos/702599734/large.jpg,cc-by-nc
data\pterois_dataset\raw\pterois_volitans\pterois_volitans_0099.jpg,pterois_volitans,Pterois volitans,47280,383815110,702517485,ailynnsofy,2026-02-25,20.3166127767,-87.0456168334,https://inaturalist-open-data.s3.amazonaws.com/photos/702517485/large.jpg,cc-by-nc
data\pterois_dataset\raw\pterois_volitans\pterois_volitans_0100.jpg,pterois_volitans,Pterois volitans,47280,383798395,702487815,dwmullins,2026-07-17,17.7547351519,-64.6851567032,https://inaturalist-open-data.s3.amazonaws.com/photos/702487815/large.jpg,cc-by-nc
data\pterois_dataset\raw\pterois_miles\pterois_miles_0001.jpg,pterois_miles,Pterois miles,123459,389356638,713186359,invertebratelover1347,2026-07-23,26.2058606735,34.2209802117,https://inaturalist-open-data.s3.amazonaws.com/photos/713186359/large.jpg,cc-by-nc
data\pterois_dataset\raw\pterois_miles\pterois_miles_0002.jpg,pterois_miles,Pterois miles,123459,389335402,713146220,amberstjames,2026-08-07,-27.5182934403,32.7241794373,https://inaturalist-open-data.s3.amazonaws.com/photos/713146220/large.jpg,cc-by-nc
data\pterois_dataset\raw\pterois_miles\pterois_miles_0003.jpg,pterois_miles,Pterois miles,123459,389285921,713051697,biologistmarina,2026-08-08,34.986095,34.0729221667,https://inaturalist-open-data.s3.amazonaws.com/photos/713051697/large.jpg,cc-by-nc-nd
data\pterois_dataset\raw\pterois_miles\pterois_miles_0004.jpg,pterois_miles,Pterois miles,123459,389275384,713029782,francescocecere,2026-08-03,36.5282720322,26.3541529604,https://inaturalist-open-data.s3.amazonaws.com/photos/713029782/large.jpg,cc0
data\pterois_dataset\raw\pterois_miles\pterois_miles_0005.jpg,pterois_miles,Pterois miles,123459,388988546,712498911,pavel_2,2026-08-07,35.3184499,25.5643842,https://inaturalist-open-data.s3.amazonaws.com/photos/712498911/large.jpg,cc-by-nc
data\pterois_dataset\raw\pterois_miles\pterois_miles_0006.jpg,pterois_miles,Pterois miles,123459,388984994,712491539,katchristian,2025-09-25,24.0853042161,37.8892587887,https://inaturalist-open-data.s3.amazonaws.com/photos/712491539/large.jpg,cc-by-nc
data\pterois_dataset\raw\pterois_miles\pterois_miles_0007.jpg,pterois_miles,Pterois miles,123459,388838506,712199695,federico_latini,2026-08-06,35.0212058889,26.0146770278,https://static.inaturalist.org/photos/712199695/large.jpg,
data\pterois_dataset\raw\pterois_miles\pterois_miles_0008.jpg,pterois_miles,Pterois miles,123459,388806453,712136928,federico_latini,2026-08-05,35.0338706944,25.992712,https://static.inaturalist.org/photos/712136928/large.jpg,
data\pterois_dataset\raw\pterois_miles\pterois_miles_0009.jpg,pterois_miles,Pterois miles,123459,388761685,712049801,rhooseboy,2026-08-06,36.6032057016,29.0298817268,https://inaturalist-open-data.s3.amazonaws.com/photos/712049801/large.jpg,cc-by-nc
data\pterois_dataset\raw\pterois_miles\pterois_miles_0010.jpg,pterois_miles,Pterois miles,123459,388753225,712034891,biologistmarina,2026-08-06,34.9837727152,34.070731489,https://inaturalist-open-data.s3.amazonaws.com/photos/712034891/large.jpg,cc-by-nc-nd
data\pterois_dataset\raw\pterois_miles\pterois_miles_0011.jpg,pterois_miles,Pterois miles,123459,388577279,711691186,francescocecere,2026-07-28,36.5737034889,26.3761764894,https://inaturalist-open-data.s3.amazonaws.com/photos/711691186/large.jpg,cc0
data\pterois_dataset\raw\pterois_miles\pterois_miles_0012.jpg,pterois_miles,Pterois miles,123459,388545569,711628111,kontra,2026-08-05,42.7300100881,16.8889018893,https://inaturalist-open-data.s3.amazonaws.com/photos/711628111/large.jpg,cc-by-nc
data\pterois_dataset\raw\pterois_miles\pterois_miles_0013.jpg,pterois_miles,Pterois miles,123459,388485886,711512142,maximvereshchagin,2026-08-04,28.4761015033,34.5002183132,https://inaturalist-open-data.s3.amazonaws.com/photos/711512142/large.jpg,cc-by-nc
data\pterois_dataset\raw\pterois_miles\pterois_miles_0014.jpg,pterois_miles,Pterois miles,123459,387916325,710393365,maximvereshchagin,2026-08-02,28.4964337505,34.5189761066,https://inaturalist-open-data.s3.amazonaws.com/photos/710393365/large.jpg,cc-by-nc
data\pterois_dataset\raw\pterois_miles\pterois_miles_0015.jpg,pterois_miles,Pterois miles,123459,387906442,710373843,maximvereshchagin,2026-08-02,28.4965642672,34.5189781294,https://inaturalist-open-data.s3.amazonaws.com/photos/710373843/large.jpg,cc-by-nc
data\pterois_dataset\raw\pterois_miles\pterois_miles_0016.jpg,pterois_miles,Pterois miles,123459,387902946,710367376,invasive_spearfishing,2026-08-03,37.1367572534,25.2847388014,https://inaturalist-open-data.s3.amazonaws.com/photos/710367376/large.jpg,cc-by-nc
data\pterois_dataset\raw\pterois_miles\pterois_miles_0017.jpg,pterois_miles,Pterois miles,123459,387895858,710352969,maximvereshchagin,2026-08-02,28.4965748612,34.5183722494,https://inaturalist-open-data.s3.amazonaws.com/photos/710352969/large.jpg,cc-by-nc
data\pterois_dataset\raw\pterois_miles\pterois_miles_0018.jpg,pterois_miles,Pterois miles,123459,387895462,710352276,maximvereshchagin,2026-08-02,28.4967827632,34.5189090833,https://inaturalist-open-data.s3.amazonaws.com/photos/710352276/large.jpg,cc-by-nc
data\pterois_dataset\raw\pterois_miles\pterois_miles_0019.jpg,pterois_miles,Pterois miles,123459,387894641,710350946,maximvereshchagin,2026-08-03,28.496254,34.5183280106,https://inaturalist-open-data.s3.amazonaws.com/photos/710350946/large.jpg,cc-by-nc
data\pterois_dataset\raw\pterois_miles\pterois_miles_0020.jpg,pterois_miles,Pterois miles,123459,387891903,710345914,maximvereshchagin,2026-08-02,28.4971046988,34.5185040201,https://inaturalist-open-data.s3.amazonaws.com/photos/710345914/large.jpg,cc-by-nc
data\pterois_dataset\raw\pterois_miles\pterois_miles_0021.jpg,pterois_miles,Pterois miles,123459,387891708,710345536,maximvereshchagin,2026-08-02,28.4967196877,34.5188577289,https://inaturalist-open-data.s3.amazonaws.com/photos/710345536/large.jpg,cc-by-nc
data\pterois_dataset\raw\pterois_miles\pterois_miles_0022.jpg,pterois_miles,Pterois miles,123459,387891088,710344133,maximvereshchagin,2026-08-02,28.4963361346,34.5187464714,https://inaturalist-open-data.s3.amazonaws.com/photos/710344133/large.jpg,cc-by-nc
data\pterois_dataset\raw\pterois_miles\pterois_miles_0023.jpg,pterois_miles,Pterois miles,123459,387890018,710341768,maximvereshchagin,2026-08-02,28.4964379778,34.5181198785,https://inaturalist-open-data.s3.amazonaws.com/photos/710341768/large.jpg,cc-by-nc
data\pterois_dataset\raw\pterois_miles\pterois_miles_0024.jpg,pterois_miles,Pterois miles,123459,387889500,710340586,maximvereshchagin,2026-08-02,28.4962181582,34.5180931687,https://inaturalist-open-data.s3.amazonaws.com/photos/710340586/large.jpg,cc-by-nc
data\pterois_dataset\raw\pterois_miles\pterois_miles_0025.jpg,pterois_miles,Pterois miles,123459,387871438,710288547,slowclown,2026-07-27,26.8438345721,34.0006181748,https://inaturalist-open-data.s3.amazonaws.com/photos/710288547/large.jpg,cc-by-nc
data\pterois_dataset\raw\pterois_miles\pterois_miles_0026.jpg,pterois_miles,Pterois miles,123459,387867221,710294658,dimitribrosens,2026-08-03,-6.24813246,39.53965247,https://inaturalist-open-data.s3.amazonaws.com/photos/710294658/large.jpg,cc0
data\pterois_dataset\raw\pterois_miles\pterois_miles_0027.jpg,pterois_miles,Pterois miles,123459,387856289,710274128,steve97843,2026-07-30,36.7147942416,21.764970459,https://inaturalist-open-data.s3.amazonaws.com/photos/710274128/large.jpg,cc-by-nc
data\pterois_dataset\raw\pterois_miles\pterois_miles_0028.jpg,pterois_miles,Pterois miles,123459,387848974,710259743,ivandimitroff,2026-08-03,40.0214414749,23.8350738003,https://inaturalist-open-data.s3.amazonaws.com/photos/710259743/large.jpg,cc-by-nc
data\pterois_dataset\raw\pterois_miles\pterois_miles_0029.jpg,pterois_miles,Pterois miles,123459,387830905,710225272,danijel1,2016-06-04,43.6243995532,15.5745567754,https://static.inaturalist.org/photos/710225272/large.jpg,
data\pterois_dataset\raw\pterois_miles\pterois_miles_0030.jpg,pterois_miles,Pterois miles,123459,387814314,710193027,wilnasteenkamp,2026-07-13,-29.5159470403,31.2310602098,https://inaturalist-open-data.s3.amazonaws.com/photos/710193027/large.jpg,cc-by-nc
data\pterois_dataset\raw\pterois_miles\pterois_miles_0031.jpg,pterois_miles,Pterois miles,123459,387619475,709812177,quiet_hunter,2026-07-27,34.6961374666,33.0954549484,https://static.inaturalist.org/photos/709812177/large.jpg,
data\pterois_dataset\raw\pterois_miles\pterois_miles_0032.jpg,pterois_miles,Pterois miles,123459,387481442,709548365,liam_h,2026-08-02,-20.9216184878,55.2996418787,https://inaturalist-open-data.s3.amazonaws.com/photos/709548365/large.jpg,cc-by-nc
data\pterois_dataset\raw\pterois_miles\pterois_miles_0033.jpg,pterois_miles,Pterois miles,123459,387194795,708996364,mikaami,2026-08-01,29.5041133333,34.91912,https://inaturalist-open-data.s3.amazonaws.com/photos/708996364/large.jpg,cc-by-nc
data\pterois_dataset\raw\pterois_miles\pterois_miles_0034.jpg,pterois_miles,Pterois miles,123459,387168174,708939040,omermeshulam,2026-07-31,29.5418197507,34.972922611,https://inaturalist-open-data.s3.amazonaws.com/photos/708939040/large.jpg,cc-by-nc
data\pterois_dataset\raw\pterois_miles\pterois_miles_0035.jpg,pterois_miles,Pterois miles,123459,387134226,708880505,bisavolholding,2026-08-01,35.4726458109,27.194123674,https://inaturalist-open-data.s3.amazonaws.com/photos/708880505/large.jpg,cc-by-nc
data\pterois_dataset\raw\pterois_miles\pterois_miles_0036.jpg,pterois_miles,Pterois miles,123459,386927274,708481784,pierre_mkrs,2026-07-31,36.204803273,28.1409111992,https://inaturalist-open-data.s3.amazonaws.com/photos/708481784/large.jpg,cc-by-nc
data\pterois_dataset\raw\pterois_miles\pterois_miles_0037.jpg,pterois_miles,Pterois miles,123459,386926989,708481144,pierre_mkrs,2026-07-31,36.204803273,28.1409111992,https://inaturalist-open-data.s3.amazonaws.com/photos/708481144/large.jpg,cc-by-nc
data\pterois_dataset\raw\pterois_miles\pterois_miles_0038.jpg,pterois_miles,Pterois miles,123459,386925175,708477509,pierre_mkrs,2026-07-31,36.204803273,28.1409111992,https://inaturalist-open-data.s3.amazonaws.com/photos/708477509/large.jpg,cc-by-nc
data\pterois_dataset\raw\pterois_miles\pterois_miles_0039.jpg,pterois_miles,Pterois miles,123459,386924802,708476705,pierre_mkrs,2026-07-31,36.204803273,28.1409111992,https://inaturalist-open-data.s3.amazonaws.com/photos/708476705/large.jpg,cc-by-nc
data\pterois_dataset\raw\pterois_miles\pterois_miles_0040.jpg,pterois_miles,Pterois miles,123459,386924378,708475929,pierre_mkrs,2026-07-31,36.204803273,28.1409111992,https://inaturalist-open-data.s3.amazonaws.com/photos/708475929/large.jpg,cc-by-nc
data\pterois_dataset\raw\pterois_miles\pterois_miles_0041.jpg,pterois_miles,Pterois miles,123459,386923774,708474702,pierre_mkrs,2026-07-31,36.204803273,28.1409111992,https://inaturalist-open-data.s3.amazonaws.com/photos/708474702/large.jpg,cc-by-nc
data\pterois_dataset\raw\pterois_miles\pterois_miles_0042.jpg,pterois_miles,Pterois miles,123459,386817376,708263063,pierre_mkrs,2026-07-25,36.2048033421,28.1409113264,https://inaturalist-open-data.s3.amazonaws.com/photos/708263063/large.jpg,cc-by-nc
data\pterois_dataset\raw\pterois_miles\pterois_miles_0043.jpg,pterois_miles,Pterois miles,123459,386817371,708263014,pierre_mkrs,2026-07-25,36.2048033421,28.1409113264,https://inaturalist-open-data.s3.amazonaws.com/photos/708263014/large.jpg,cc-by-nc
data\pterois_dataset\raw\pterois_miles\pterois_miles_0044.jpg,pterois_miles,Pterois miles,123459,386817370,708262965,pierre_mkrs,2026-07-27,36.0967590222,28.0866336705,https://inaturalist-open-data.s3.amazonaws.com/photos/708262965/large.jpg,cc-by-nc
data\pterois_dataset\raw\pterois_miles\pterois_miles_0045.jpg,pterois_miles,Pterois miles,123459,386817354,708262811,pierre_mkrs,2026-07-28,36.0871048,28.088309,https://inaturalist-open-data.s3.amazonaws.com/photos/708262811/large.jpg,cc-by-nc
data\pterois_dataset\raw\pterois_miles\pterois_miles_0046.jpg,pterois_miles,Pterois miles,123459,386817353,708262808,pierre_mkrs,2026-07-28,36.0871048,28.088309,https://inaturalist-open-data.s3.amazonaws.com/photos/708262808/large.jpg,cc-by-nc
data\pterois_dataset\raw\pterois_miles\pterois_miles_0047.jpg,pterois_miles,Pterois miles,123459,386817351,708262800,pierre_mkrs,2026-07-28,36.0871048,28.088309,https://inaturalist-open-data.s3.amazonaws.com/photos/708262800/large.jpg,cc-by-nc
data\pterois_dataset\raw\pterois_miles\pterois_miles_0048.jpg,pterois_miles,Pterois miles,123459,386817349,708262782,pierre_mkrs,2026-07-28,36.0871048,28.088309,https://inaturalist-open-data.s3.amazonaws.com/photos/708262782/large.jpg,cc-by-nc
data\pterois_dataset\raw\pterois_miles\pterois_miles_0049.jpg,pterois_miles,Pterois miles,123459,386817348,708262777,pierre_mkrs,2026-07-28,36.0871048,28.088309,https://inaturalist-open-data.s3.amazonaws.com/photos/708262777/large.jpg,cc-by-nc
data\pterois_dataset\raw\pterois_miles\pterois_miles_0050.jpg,pterois_miles,Pterois miles,123459,386817347,708262774,pierre_mkrs,2026-07-28,36.0871048,28.088309,https://inaturalist-open-data.s3.amazonaws.com/photos/708262774/large.jpg,cc-by-nc
data\pterois_dataset\raw\pterois_miles\pterois_miles_0051.jpg,pterois_miles,Pterois miles,123459,386817345,708262750,pierre_mkrs,2026-07-28,36.3761883146,28.2386085803,https://inaturalist-open-data.s3.amazonaws.com/photos/708262750/large.jpg,cc-by-nc
data\pterois_dataset\raw\pterois_miles\pterois_miles_0052.jpg,pterois_miles,Pterois miles,123459,386817342,708262751,pierre_mkrs,2026-07-28,36.3761883146,28.2386085803,https://inaturalist-open-data.s3.amazonaws.com/photos/708262751/large.jpg,cc-by-nc
data\pterois_dataset\raw\pterois_miles\pterois_miles_0053.jpg,pterois_miles,Pterois miles,123459,386817333,708262729,pierre_mkrs,2026-07-28,36.3761883146,28.2386085803,https://inaturalist-open-data.s3.amazonaws.com/photos/708262729/large.jpg,cc-by-nc
data\pterois_dataset\raw\pterois_miles\pterois_miles_0054.jpg,pterois_miles,Pterois miles,123459,386817317,708262649,pierre_mkrs,2026-07-28,36.3761883146,28.2386085803,https://inaturalist-open-data.s3.amazonaws.com/photos/708262649/large.jpg,cc-by-nc
data\pterois_dataset\raw\pterois_miles\pterois_miles_0055.jpg,pterois_miles,Pterois miles,123459,386817310,708262559,pierre_mkrs,2026-07-30,36.3223933404,28.2103859314,https://inaturalist-open-data.s3.amazonaws.com/photos/708262559/large.jpg,cc-by-nc
data\pterois_dataset\raw\pterois_miles\pterois_miles_0056.jpg,pterois_miles,Pterois miles,123459,386817309,708262561,pierre_mkrs,2026-07-30,36.3223933404,28.2106863388,https://inaturalist-open-data.s3.amazonaws.com/photos/708262561/large.jpg,cc-by-nc
data\pterois_dataset\raw\pterois_miles\pterois_miles_0057.jpg,pterois_miles,Pterois miles,123459,386817305,708262519,pierre_mkrs,2026-07-30,36.3223241869,28.2107503584,https://inaturalist-open-data.s3.amazonaws.com/photos/708262519/large.jpg,cc-by-nc
data\pterois_dataset\raw\pterois_miles\pterois_miles_0058.jpg,pterois_miles,Pterois miles,123459,386816204,708271481,adelliebenberg,2022-08-20,-26.8939606789,32.8774717078,https://inaturalist-open-data.s3.amazonaws.com/photos/708271481/large.jpg,cc-by-nc
data\pterois_dataset\raw\pterois_miles\pterois_miles_0059.jpg,pterois_miles,Pterois miles,123459,386706727,708052560,iiukolov,2015-03-26,26.97856,33.90187,https://inaturalist-open-data.s3.amazonaws.com/photos/708052560/large.jpg,cc-by-nc
data\pterois_dataset\raw\pterois_miles\pterois_miles_0060.jpg,pterois_miles,Pterois miles,123459,386623645,707903606,ivowalsmit,2026-07-30,37.6827986405,20.8745016286,https://inaturalist-open-data.s3.amazonaws.com/photos/707903606/large.jpg,cc-by-nc
data\pterois_dataset\raw\pterois_miles\pterois_miles_0061.jpg,pterois_miles,Pterois miles,123459,386556585,707778787,kicek_spiders,2026-07-30,25.6025148371,34.6113042533,https://inaturalist-open-data.s3.amazonaws.com/photos/707778787/large.jpg,cc-by-nc
data\pterois_dataset\raw\pterois_miles\pterois_miles_0062.jpg,pterois_miles,Pterois miles,123459,386219465,707121671,urielevy,2026-07-29,33.0426218589,35.0980436291,https://inaturalist-open-data.s3.amazonaws.com/photos/707121671/large.jpg,cc-by-nc
data\pterois_dataset\raw\pterois_miles\pterois_miles_0063.jpg,pterois_miles,Pterois miles,123459,385739255,706165984,yancoquet,2026-07-20,-14.1141124,47.7464967,https://inaturalist-open-data.s3.amazonaws.com/photos/706165984/large.jpg,cc-by-nc
data\pterois_dataset\raw\pterois_miles\pterois_miles_0064.jpg,pterois_miles,Pterois miles,123459,385615588,705970108,frederikl,2026-07-24,35.3177281738,25.4002457153,https://inaturalist-open-data.s3.amazonaws.com/photos/705970108/large.jpg,cc-by-nc
data\pterois_dataset\raw\pterois_miles\pterois_miles_0065.jpg,pterois_miles,Pterois miles,123459,385569888,705879546,jonigr,2026-07-11,29.5231158032,34.9351962249,https://inaturalist-open-data.s3.amazonaws.com/photos/705879546/large.jpg,cc-by-nc
data\pterois_dataset\raw\pterois_miles\pterois_miles_0066.jpg,pterois_miles,Pterois miles,123459,385461668,705673081,vikingfred,2025-07-21,27.1848843822,33.878778222,https://inaturalist-open-data.s3.amazonaws.com/photos/705673081/large.jpg,cc-by-nc
data\pterois_dataset\raw\pterois_miles\pterois_miles_0067.jpg,pterois_miles,Pterois miles,123459,385460583,705661120,frederikl,2026-07-22,35.20355852,25.7309010401,https://inaturalist-open-data.s3.amazonaws.com/photos/705661120/large.jpg,cc-by-nc
data\pterois_dataset\raw\pterois_miles\pterois_miles_0068.jpg,pterois_miles,Pterois miles,123459,385460551,705656668,frederikl,2026-07-22,35.20351593,25.73096616,https://inaturalist-open-data.s3.amazonaws.com/photos/705656668/large.jpg,cc-by-nc
data\pterois_dataset\raw\pterois_miles\pterois_miles_0069.jpg,pterois_miles,Pterois miles,123459,385448052,705627781,frederikl,2026-07-21,35.31909389,25.39897797,https://inaturalist-open-data.s3.amazonaws.com/photos/705627781/large.jpg,cc-by-nc
data\pterois_dataset\raw\pterois_miles\pterois_miles_0070.jpg,pterois_miles,Pterois miles,123459,385448039,705625445,frederikl,2026-07-21,35.31587265,25.40282636,https://inaturalist-open-data.s3.amazonaws.com/photos/705625445/large.jpg,cc-by-nc
data\pterois_dataset\raw\pterois_miles\pterois_miles_0071.jpg,pterois_miles,Pterois miles,123459,385448035,705624362,frederikl,2026-07-21,35.31588229,25.40284026,https://inaturalist-open-data.s3.amazonaws.com/photos/705624362/large.jpg,cc-by-nc
data\pterois_dataset\raw\pterois_miles\pterois_miles_0072.jpg,pterois_miles,Pterois miles,123459,385418443,705545737,mariuszolk,2026-07-20,-4.7116060746,39.3122723048,https://inaturalist-open-data.s3.amazonaws.com/photos/705545737/large.jpg,cc-by-nc
data\pterois_dataset\raw\pterois_miles\pterois_miles_0073.jpg,pterois_miles,Pterois miles,123459,385297739,705357637,victor_mty,2026-06-14,-24.7886676788,47.1942481995,https://inaturalist-open-data.s3.amazonaws.com/photos/705357637/large.jpg,cc-by-nc
data\pterois_dataset\raw\pterois_miles\pterois_miles_0074.jpg,pterois_miles,Pterois miles,123459,385161038,705111095,amalapert,2007-06-16,27.7818377199,34.1891424401,https://inaturalist-open-data.s3.amazonaws.com/photos/705111095/large.jpg,cc-by-nc
data\pterois_dataset\raw\pterois_miles\pterois_miles_0075.jpg,pterois_miles,Pterois miles,123459,384936263,704675354,vraybaud,2024-11-02,36.1565734333,29.6288738273,https://inaturalist-open-data.s3.amazonaws.com/photos/704675354/large.jpg,cc-by-nc
data\pterois_dataset\raw\pterois_miles\pterois_miles_0076.jpg,pterois_miles,Pterois miles,123459,384603046,704041826,schindlerova,2026-07-21,25.3403008024,34.7392556816,https://inaturalist-open-data.s3.amazonaws.com/photos/704041826/large.jpg,cc-by-nc
data\pterois_dataset\raw\pterois_miles\pterois_miles_0077.jpg,pterois_miles,Pterois miles,123459,384602718,704041103,schindlerova,2026-07-21,25.3400071791,34.7389696911,https://inaturalist-open-data.s3.amazonaws.com/photos/704041103/large.jpg,cc-by-nc
data\pterois_dataset\raw\pterois_miles\pterois_miles_0078.jpg,pterois_miles,Pterois miles,123459,384503167,703852074,pdoszpod11,2026-07-18,36.6161883333,27.8356616667,https://inaturalist-open-data.s3.amazonaws.com/photos/703852074/large.jpg,cc-by-nc
data\pterois_dataset\raw\pterois_miles\pterois_miles_0079.jpg,pterois_miles,Pterois miles,123459,384492506,703825975,pierre_mkrs,2026-07-23,36.204041542,28.1404392531,https://inaturalist-open-data.s3.amazonaws.com/photos/703825975/large.jpg,cc-by-nc
data\pterois_dataset\raw\pterois_miles\pterois_miles_0080.jpg,pterois_miles,Pterois miles,123459,384492471,703825690,pierre_mkrs,2026-07-23,36.204041542,28.1404392531,https://inaturalist-open-data.s3.amazonaws.com/photos/703825690/large.jpg,cc-by-nc
data\pterois_dataset\raw\pterois_miles\pterois_miles_0081.jpg,pterois_miles,Pterois miles,123459,384481561,703811223,josh_demartino,2023-09-08,29.5100186852,34.9873554672,https://inaturalist-open-data.s3.amazonaws.com/photos/703811223/large.jpg,cc-by-nc
data\pterois_dataset\raw\pterois_miles\pterois_miles_0082.jpg,pterois_miles,Pterois miles,123459,384066279,702971622,eiman_sherif,2026-07-17,29.0172947214,34.6836885915,https://inaturalist-open-data.s3.amazonaws.com/photos/702971622/large.jpg,cc-by-nc
data\pterois_dataset\raw\pterois_miles\pterois_miles_0083.jpg,pterois_miles,Pterois miles,123459,384020404,702914501,divemaster00,2026-07-22,42.7797768784,16.8310339004,https://inaturalist-open-data.s3.amazonaws.com/photos/702914501/large.jpg,cc-by-nc
data\pterois_dataset\raw\pterois_miles\pterois_miles_0084.jpg,pterois_miles,Pterois miles,123459,383962605,702802137,cankarayel,2026-07-22,36.5729443429,28.0109670358,https://static.inaturalist.org/photos/702802137/large.jpg,
data\pterois_dataset\raw\pterois_miles\pterois_miles_0085.jpg,pterois_miles,Pterois miles,123459,383962564,702802042,cankarayel,2026-07-22,36.5729317033,28.0108942646,https://static.inaturalist.org/photos/702802042/large.jpg,
data\pterois_dataset\raw\pterois_miles\pterois_miles_0086.jpg,pterois_miles,Pterois miles,123459,383929089,702735578,eiman_sherif,2024-08-05,28.4954127641,34.5175124777,https://inaturalist-open-data.s3.amazonaws.com/photos/702735578/large.jpg,cc-by-nc
data\pterois_dataset\raw\pterois_miles\pterois_miles_0087.jpg,pterois_miles,Pterois miles,123459,383864527,702618660,erica_91,2024-12-31,25.5467137807,34.6949270012,https://static.inaturalist.org/photos/702618660/large.jpg,
data\pterois_dataset\raw\pterois_miles\pterois_miles_0088.jpg,pterois_miles,Pterois miles,123459,383854453,702598843,chloead,2026-07-22,34.755273935,32.4087039848,https://inaturalist-open-data.s3.amazonaws.com/photos/702598843/large.jpg,cc-by-nc
data\pterois_dataset\raw\pterois_miles\pterois_miles_0089.jpg,pterois_miles,Pterois miles,123459,383840515,702568668,jakub83656,2026-07-22,35.0120416667,34.0608888889,https://inaturalist-open-data.s3.amazonaws.com/photos/702568668/large.jpg,cc-by-nc
data\pterois_dataset\raw\pterois_miles\pterois_miles_0090.jpg,pterois_miles,Pterois miles,123459,383832281,702552782,krissado,2026-07-17,36.4247011041,22.4738990155,https://inaturalist-open-data.s3.amazonaws.com/photos/702552782/large.jpg,cc-by-nc
data\pterois_dataset\raw\pterois_miles\pterois_miles_0091.jpg,pterois_miles,Pterois miles,123459,383829048,702546509,krissado,2026-07-16,36.4790880832,22.4006963607,https://inaturalist-open-data.s3.amazonaws.com/photos/702546509/large.jpg,cc-by-nc
data\pterois_dataset\raw\pterois_miles\pterois_miles_0092.jpg,pterois_miles,Pterois miles,123459,383715023,702323161,cetinn0035,2026-07-03,38.7357898567,26.8377897888,https://static.inaturalist.org/photos/702323161/large.jpg,
data\pterois_dataset\raw\pterois_miles\pterois_miles_0093.jpg,pterois_miles,Pterois miles,123459,383364422,701653553,stefan_wicki,2026-07-20,-6.0501305,39.2019116667,https://static.inaturalist.org/photos/701653553/large.jpg,
data\pterois_dataset\raw\pterois_miles\pterois_miles_0094.jpg,pterois_miles,Pterois miles,123459,383350516,701621944,ingokurtz,2013-12-12,26.7999743986,33.9464937998,https://inaturalist-open-data.s3.amazonaws.com/photos/701621944/large.jpg,cc-by-nc-nd
data\pterois_dataset\raw\pterois_miles\pterois_miles_0095.jpg,pterois_miles,Pterois miles,123459,383308583,701548538,cankarayel,2026-07-20,36.6890566077,27.9846446594,https://static.inaturalist.org/photos/701548538/large.jpg,
data\pterois_dataset\raw\pterois_miles\pterois_miles_0096.jpg,pterois_miles,Pterois miles,123459,383233600,700649782,shantey_mv,2021-08-11,3.4808349572,72.7941811587,https://static.inaturalist.org/photos/700649782/large.jpg,
data\pterois_dataset\raw\pterois_miles\pterois_miles_0097.jpg,pterois_miles,Pterois miles,123459,383056869,701036893,alpman444,2026-07-19,36.7556720907,27.7787178402,https://inaturalist-open-data.s3.amazonaws.com/photos/701036893/large.jpg,cc-by-nc
data\pterois_dataset\raw\pterois_miles\pterois_miles_0098.jpg,pterois_miles,Pterois miles,123459,383056734,701020023,alpman444,2026-07-19,36.7556720907,27.7787178402,https://inaturalist-open-data.s3.amazonaws.com/photos/701020023/large.jpg,cc-by-nc
data\pterois_dataset\raw\pterois_miles\pterois_miles_0099.jpg,pterois_miles,Pterois miles,123459,382992939,700935743,invasive_spearfishing,2026-07-19,36.8968166808,25.9688680619,https://inaturalist-open-data.s3.amazonaws.com/photos/700935743/large.jpg,cc-by-nc
data\pterois_dataset\raw\pterois_miles\pterois_miles_0100.jpg,pterois_miles,Pterois miles,123459,382992743,700935307,invasive_spearfishing,2026-07-19,36.8968389353,25.9688942134,https://inaturalist-open-data.s3.amazonaws.com/photos/700935307/large.jpg,cc-by-nc
