score_threshold,margin_threshold,known_acceptance,unknown_rejection,false_acceptance,balanced_score
0.75,0.0,1.0,0.38,0.62,0.69
0.75,0.005,1.0,0.48,0.52,0.74
0.75,0.01,0.99,0.56,0.44,0.775
0.75,0.015,0.98,0.62,0.38,0.8
0.75,0.02,0.96,0.8,0.2,0.88
0.75,0.025,0.95,0.8,0.2,0.875
0.75,0.03,0.93,0.84,0.16,0.885
0.75,0.035,0.91,0.84,0.16,0.875
0.75,0.04,0.91,0.88,0.12,0.895
0.75,0.045,0.91,0.9,0.1,0.905
0.75,0.05,0.89,0.94,0.06,0.915
0.75,0.055,0.89,0.96,0.04,0.925
0.75,0.06,0.89,0.98,0.02,0.935
0.75,0.065,0.86,0.98,0.02,0.9199999999999999
0.75,0.07,0.82,1.0,0.0,0.9099999999999999
0.75,0.075,0.79,1.0,0.0,0.895
0.75,0.08,0.78,1.0,0.0,0.89
0.75,0.085,0.76,1.0,0.0,0.88
0.75,0.09,0.74,1.0,0.0,0.87
0.75,0.095,0.68,1.0,0.0,0.8400000000000001
0.75,0.1,0.61,1.0,0.0,0.8049999999999999
0.755,0.0,1.0,0.4,0.6,0.7
0.755,0.005,1.0,0.5,0.5,0.75
0.755,0.01,0.99,0.58,0.42,0.7849999999999999
0.755,0.015,0.98,0.64,0.36,0.81
0.755,0.02,0.96,0.82,0.18,0.8899999999999999
0.755,0.025,0.95,0.82,0.18,0.885
0.755,0.03,0.93,0.86,0.14,0.895
0.755,0.035,0.91,0.86,0.14,0.885
0.755,0.04,0.91,0.9,0.1,0.905
0.755,0.045,0.91,0.92,0.08,0.915
0.755,0.05,0.89,0.94,0.06,0.915
0.755,0.055,0.89,0.96,0.04,0.925
0.755,0.06,0.89,0.98,0.02,0.935
0.755,0.065,0.86,0.98,0.02,0.9199999999999999
0.755,0.07,0.82,1.0,0.0,0.9099999999999999
0.755,0.075,0.79,1.0,0.0,0.895
0.755,0.08,0.78,1.0,0.0,0.89
0.755,0.085,0.76,1.0,0.0,0.88
0.755,0.09,0.74,1.0,0.0,0.87
0.755,0.095,0.68,1.0,0.0,0.8400000000000001
0.755,0.1,0.61,1.0,0.0,0.8049999999999999
0.76,0.0,1.0,0.46,0.54,0.73
0.76,0.005,1.0,0.56,0.44,0.78
0.76,0.01,0.99,0.64,0.36,0.815
0.76,0.015,0.98,0.7,0.3,0.84
0.76,0.02,0.96,0.86,0.14,0.9099999999999999
0.76,0.025,0.95,0.86,0.14,0.905
0.76,0.03,0.93,0.88,0.12,0.905
0.76,0.035,0.91,0.88,0.12,0.895
0.76,0.04,0.91,0.92,0.08,0.915
0.76,0.045,0.91,0.94,0.06,0.925
0.76,0.05,0.89,0.96,0.04,0.925
0.76,0.055,0.89,0.96,0.04,0.925
0.76,0.06,0.89,0.98,0.02,0.935
0.76,0.065,0.86,0.98,0.02,0.9199999999999999
0.76,0.07,0.82,1.0,0.0,0.9099999999999999
0.76,0.075,0.79,1.0,0.0,0.895
0.76,0.08,0.78,1.0,0.0,0.89
0.76,0.085,0.76,1.0,0.0,0.88
0.76,0.09,0.74,1.0,0.0,0.87
0.76,0.095,0.68,1.0,0.0,0.8400000000000001
0.76,0.1,0.61,1.0,0.0,0.8049999999999999
0.765,0.0,1.0,0.48,0.52,0.74
0.765,0.005,1.0,0.56,0.44,0.78
0.765,0.01,0.99,0.64,0.36,0.815
0.765,0.015,0.98,0.7,0.3,0.84
0.765,0.02,0.96,0.86,0.14,0.9099999999999999
0.765,0.025,0.95,0.86,0.14,0.905
0.765,0.03,0.93,0.88,0.12,0.905
0.765,0.035,0.91,0.88,0.12,0.895
0.765,0.04,0.91,0.92,0.08,0.915
0.765,0.045,0.91,0.94,0.06,0.925
0.765,0.05,0.89,0.96,0.04,0.925
0.765,0.055,0.89,0.96,0.04,0.925
0.765,0.06,0.89,0.98,0.02,0.935
0.765,0.065,0.86,0.98,0.02,0.9199999999999999
0.765,0.07,0.82,1.0,0.0,0.9099999999999999
0.765,0.075,0.79,1.0,0.0,0.895
0.765,0.08,0.78,1.0,0.0,0.89
0.765,0.085,0.76,1.0,0.0,0.88
0.765,0.09,0.74,1.0,0.0,0.87
0.765,0.095,0.68,1.0,0.0,0.8400000000000001
0.765,0.1,0.61,1.0,0.0,0.8049999999999999
0.77,0.0,1.0,0.52,0.48,0.76
0.77,0.005,1.0,0.6,0.4,0.8
0.77,0.01,0.99,0.66,0.34,0.825
0.77,0.015,0.98,0.72,0.28,0.85
0.77,0.02,0.96,0.88,0.12,0.9199999999999999
0.77,0.025,0.95,0.88,0.12,0.915
0.77,0.03,0.93,0.9,0.1,0.915
0.77,0.035,0.91,0.9,0.1,0.905
0.77,0.04,0.91,0.94,0.06,0.925
0.77,0.045,0.91,0.94,0.06,0.925
0.77,0.05,0.89,0.96,0.04,0.925
0.77,0.055,0.89,0.96,0.04,0.925
0.77,0.06,0.89,0.98,0.02,0.935
0.77,0.065,0.86,0.98,0.02,0.9199999999999999
0.77,0.07,0.82,1.0,0.0,0.9099999999999999
0.77,0.075,0.79,1.0,0.0,0.895
0.77,0.08,0.78,1.0,0.0,0.89
0.77,0.085,0.76,1.0,0.0,0.88
0.77,0.09,0.74,1.0,0.0,0.87
0.77,0.095,0.68,1.0,0.0,0.8400000000000001
0.77,0.1,0.61,1.0,0.0,0.8049999999999999
0.775,0.0,1.0,0.54,0.46,0.77
0.775,0.005,1.0,0.62,0.38,0.81
0.775,0.01,0.99,0.68,0.32,0.835
0.775,0.015,0.98,0.72,0.28,0.85
0.775,0.02,0.96,0.88,0.12,0.9199999999999999
0.775,0.025,0.95,0.88,0.12,0.915
0.775,0.03,0.93,0.9,0.1,0.915
0.775,0.035,0.91,0.9,0.1,0.905
0.775,0.04,0.91,0.94,0.06,0.925
0.775,0.045,0.91,0.94,0.06,0.925
0.775,0.05,0.89,0.96,0.04,0.925
0.775,0.055,0.89,0.96,0.04,0.925
0.775,0.06,0.89,0.98,0.02,0.935
0.775,0.065,0.86,0.98,0.02,0.9199999999999999
0.775,0.07,0.82,1.0,0.0,0.9099999999999999
0.775,0.075,0.79,1.0,0.0,0.895
0.775,0.08,0.78,1.0,0.0,0.89
0.775,0.085,0.76,1.0,0.0,0.88
0.775,0.09,0.74,1.0,0.0,0.87
0.775,0.095,0.68,1.0,0.0,0.8400000000000001
0.775,0.1,0.61,1.0,0.0,0.8049999999999999
0.78,0.0,1.0,0.58,0.42,0.79
0.78,0.005,1.0,0.66,0.34,0.8300000000000001
0.78,0.01,0.99,0.7,0.3,0.845
0.78,0.015,0.98,0.74,0.26,0.86
0.78,0.02,0.96,0.9,0.1,0.9299999999999999
0.78,0.025,0.95,0.9,0.1,0.925
0.78,0.03,0.93,0.9,0.1,0.915
0.78,0.035,0.91,0.9,0.1,0.905
0.78,0.04,0.91,0.94,0.06,0.925
0.78,0.045,0.91,0.94,0.06,0.925
0.78,0.05,0.89,0.96,0.04,0.925
0.78,0.055,0.89,0.96,0.04,0.925
0.78,0.06,0.89,0.98,0.02,0.935
0.78,0.065,0.86,0.98,0.02,0.9199999999999999
0.78,0.07,0.82,1.0,0.0,0.9099999999999999
0.78,0.075,0.79,1.0,0.0,0.895
0.78,0.08,0.78,1.0,0.0,0.89
0.78,0.085,0.76,1.0,0.0,0.88
0.78,0.09,0.74,1.0,0.0,0.87
0.78,0.095,0.68,1.0,0.0,0.8400000000000001
0.78,0.1,0.61,1.0,0.0,0.8049999999999999
0.785,0.0,0.99,0.62,0.38,0.8049999999999999
0.785,0.005,0.99,0.66,0.34,0.825
0.785,0.01,0.98,0.7,0.3,0.84
0.785,0.015,0.97,0.74,0.26,0.855
0.785,0.02,0.95,0.9,0.1,0.925
0.785,0.025,0.94,0.9,0.1,0.9199999999999999
0.785,0.03,0.93,0.9,0.1,0.915
0.785,0.035,0.91,0.9,0.1,0.905
0.785,0.04,0.91,0.94,0.06,0.925
0.785,0.045,0.91,0.94,0.06,0.925
0.785,0.05,0.89,0.96,0.04,0.925
0.785,0.055,0.89,0.96,0.04,0.925
0.785,0.06,0.89,0.98,0.02,0.935
0.785,0.065,0.86,0.98,0.02,0.9199999999999999
0.785,0.07,0.82,1.0,0.0,0.9099999999999999
0.785,0.075,0.79,1.0,0.0,0.895
0.785,0.08,0.78,1.0,0.0,0.89
0.785,0.085,0.76,1.0,0.0,0.88
0.785,0.09,0.74,1.0,0.0,0.87
0.785,0.095,0.68,1.0,0.0,0.8400000000000001
0.785,0.1,0.61,1.0,0.0,0.8049999999999999
0.79,0.0,0.98,0.68,0.32,0.8300000000000001
0.79,0.005,0.98,0.72,0.28,0.85
0.79,0.01,0.97,0.76,0.24,0.865
0.79,0.015,0.96,0.8,0.2,0.88
0.79,0.02,0.94,0.94,0.06,0.94
0.79,0.025,0.93,0.94,0.06,0.935
0.79,0.03,0.92,0.94,0.06,0.9299999999999999
0.79,0.035,0.91,0.94,0.06,0.925
0.79,0.04,0.91,0.96,0.04,0.935
0.79,0.045,0.91,0.96,0.04,0.935
0.79,0.05,0.89,0.96,0.04,0.925
0.79,0.055,0.89,0.96,0.04,0.925
0.79,0.06,0.89,0.98,0.02,0.935
0.79,0.065,0.86,0.98,0.02,0.9199999999999999
0.79,0.07,0.82,1.0,0.0,0.9099999999999999
0.79,0.075,0.79,1.0,0.0,0.895
0.79,0.08,0.78,1.0,0.0,0.89
0.79,0.085,0.76,1.0,0.0,0.88
0.79,0.09,0.74,1.0,0.0,0.87
0.79,0.095,0.68,1.0,0.0,0.8400000000000001
0.79,0.1,0.61,1.0,0.0,0.8049999999999999
0.795,0.0,0.98,0.74,0.26,0.86
0.795,0.005,0.98,0.74,0.26,0.86
0.795,0.01,0.97,0.78,0.22,0.875
0.795,0.015,0.96,0.82,0.18,0.8899999999999999
0.795,0.02,0.94,0.94,0.06,0.94
0.795,0.025,0.93,0.94,0.06,0.935
0.795,0.03,0.92,0.94,0.06,0.9299999999999999
0.795,0.035,0.91,0.94,0.06,0.925
0.795,0.04,0.91,0.96,0.04,0.935
0.795,0.045,0.91,0.96,0.04,0.935
0.795,0.05,0.89,0.96,0.04,0.925
0.795,0.055,0.89,0.96,0.04,0.925
0.795,0.06,0.89,0.98,0.02,0.935
0.795,0.065,0.86,0.98,0.02,0.9199999999999999
0.795,0.07,0.82,1.0,0.0,0.9099999999999999
0.795,0.075,0.79,1.0,0.0,0.895
0.795,0.08,0.78,1.0,0.0,0.89
0.795,0.085,0.76,1.0,0.0,0.88
0.795,0.09,0.74,1.0,0.0,0.87
0.795,0.095,0.68,1.0,0.0,0.8400000000000001
0.795,0.1,0.61,1.0,0.0,0.8049999999999999
0.8,0.0,0.98,0.8,0.2,0.89
0.8,0.005,0.98,0.8,0.2,0.89
0.8,0.01,0.97,0.82,0.18,0.895
0.8,0.015,0.96,0.86,0.14,0.9099999999999999
0.8,0.02,0.94,0.96,0.04,0.95
0.8,0.025,0.93,0.96,0.04,0.9450000000000001
0.8,0.03,0.92,0.96,0.04,0.94
0.8,0.035,0.91,0.96,0.04,0.935
0.8,0.04,0.91,0.98,0.02,0.9450000000000001
0.8,0.045,0.91,0.98,0.02,0.9450000000000001
0.8,0.05,0.89,0.98,0.02,0.935
0.8,0.055,0.89,0.98,0.02,0.935
0.8,0.06,0.89,0.98,0.02,0.935
0.8,0.065,0.86,0.98,0.02,0.9199999999999999
0.8,0.07,0.82,1.0,0.0,0.9099999999999999
0.8,0.075,0.79,1.0,0.0,0.895
0.8,0.08,0.78,1.0,0.0,0.89
0.8,0.085,0.76,1.0,0.0,0.88
0.8,0.09,0.74,1.0,0.0,0.87
0.8,0.095,0.68,1.0,0.0,0.8400000000000001
0.8,0.1,0.61,1.0,0.0,0.8049999999999999
0.805,0.0,0.98,0.86,0.14,0.9199999999999999
0.805,0.005,0.98,0.86,0.14,0.9199999999999999
0.805,0.01,0.97,0.88,0.12,0.925
0.805,0.015,0.96,0.9,0.1,0.9299999999999999
0.805,0.02,0.94,0.98,0.02,0.96
0.805,0.025,0.93,0.98,0.02,0.9550000000000001
0.805,0.03,0.92,0.98,0.02,0.95
0.805,0.035,0.91,0.98,0.02,0.9450000000000001
0.805,0.04,0.91,1.0,0.0,0.9550000000000001
0.805,0.045,0.91,1.0,0.0,0.9550000000000001
0.805,0.05,0.89,1.0,0.0,0.9450000000000001
0.805,0.055,0.89,1.0,0.0,0.9450000000000001
0.805,0.06,0.89,1.0,0.0,0.9450000000000001
0.805,0.065,0.86,1.0,0.0,0.9299999999999999
0.805,0.07,0.82,1.0,0.0,0.9099999999999999
0.805,0.075,0.79,1.0,0.0,0.895
0.805,0.08,0.78,1.0,0.0,0.89
0.805,0.085,0.76,1.0,0.0,0.88
0.805,0.09,0.74,1.0,0.0,0.87
0.805,0.095,0.68,1.0,0.0,0.8400000000000001
0.805,0.1,0.61,1.0,0.0,0.8049999999999999
0.81,0.0,0.95,0.9,0.1,0.925
0.81,0.005,0.95,0.9,0.1,0.925
0.81,0.01,0.95,0.92,0.08,0.935
0.81,0.015,0.94,0.92,0.08,0.9299999999999999
0.81,0.02,0.93,0.98,0.02,0.9550000000000001
0.81,0.025,0.93,0.98,0.02,0.9550000000000001
0.81,0.03,0.92,0.98,0.02,0.95
0.81,0.035,0.91,0.98,0.02,0.9450000000000001
0.81,0.04,0.91,1.0,0.0,0.9550000000000001
0.81,0.045,0.91,1.0,0.0,0.9550000000000001
0.81,0.05,0.89,1.0,0.0,0.9450000000000001
0.81,0.055,0.89,1.0,0.0,0.9450000000000001
0.81,0.06,0.89,1.0,0.0,0.9450000000000001
0.81,0.065,0.86,1.0,0.0,0.9299999999999999
0.81,0.07,0.82,1.0,0.0,0.9099999999999999
0.81,0.075,0.79,1.0,0.0,0.895
0.81,0.08,0.78,1.0,0.0,0.89
0.81,0.085,0.76,1.0,0.0,0.88
0.81,0.09,0.74,1.0,0.0,0.87
0.81,0.095,0.68,1.0,0.0,0.8400000000000001
0.81,0.1,0.61,1.0,0.0,0.8049999999999999
0.815,0.0,0.94,0.92,0.08,0.9299999999999999
0.815,0.005,0.94,0.92,0.08,0.9299999999999999
0.815,0.01,0.94,0.94,0.06,0.94
0.815,0.015,0.93,0.94,0.06,0.935
0.815,0.02,0.92,0.98,0.02,0.95
0.815,0.025,0.92,0.98,0.02,0.95
0.815,0.03,0.91,0.98,0.02,0.9450000000000001
0.815,0.035,0.9,0.98,0.02,0.94
0.815,0.04,0.9,1.0,0.0,0.95
0.815,0.045,0.9,1.0,0.0,0.95
0.815,0.05,0.88,1.0,0.0,0.94
0.815,0.055,0.88,1.0,0.0,0.94
0.815,0.06,0.88,1.0,0.0,0.94
0.815,0.065,0.85,1.0,0.0,0.925
0.815,0.07,0.82,1.0,0.0,0.9099999999999999
0.815,0.075,0.79,1.0,0.0,0.895
0.815,0.08,0.78,1.0,0.0,0.89
0.815,0.085,0.76,1.0,0.0,0.88
0.815,0.09,0.74,1.0,0.0,0.87
0.815,0.095,0.68,1.0,0.0,0.8400000000000001
0.815,0.1,0.61,1.0,0.0,0.8049999999999999
0.82,0.0,0.94,0.94,0.06,0.94
0.82,0.005,0.94,0.94,0.06,0.94
0.82,0.01,0.94,0.94,0.06,0.94
0.82,0.015,0.93,0.94,0.06,0.935
0.82,0.02,0.92,0.98,0.02,0.95
0.82,0.025,0.92,0.98,0.02,0.95
0.82,0.03,0.91,0.98,0.02,0.9450000000000001
0.82,0.035,0.9,0.98,0.02,0.94
0.82,0.04,0.9,1.0,0.0,0.95
0.82,0.045,0.9,1.0,0.0,0.95
0.82,0.05,0.88,1.0,0.0,0.94
0.82,0.055,0.88,1.0,0.0,0.94
0.82,0.06,0.88,1.0,0.0,0.94
0.82,0.065,0.85,1.0,0.0,0.925
0.82,0.07,0.82,1.0,0.0,0.9099999999999999
0.82,0.075,0.79,1.0,0.0,0.895
0.82,0.08,0.78,1.0,0.0,0.89
0.82,0.085,0.76,1.0,0.0,0.88
0.82,0.09,0.74,1.0,0.0,0.87
0.82,0.095,0.68,1.0,0.0,0.8400000000000001
0.82,0.1,0.61,1.0,0.0,0.8049999999999999
0.825,0.0,0.93,0.94,0.06,0.935
0.825,0.005,0.93,0.94,0.06,0.935
0.825,0.01,0.93,0.94,0.06,0.935
0.825,0.015,0.92,0.94,0.06,0.9299999999999999
0.825,0.02,0.91,0.98,0.02,0.9450000000000001
0.825,0.025,0.91,0.98,0.02,0.9450000000000001
0.825,0.03,0.9,0.98,0.02,0.94
0.825,0.035,0.89,0.98,0.02,0.935
0.825,0.04,0.89,1.0,0.0,0.9450000000000001
0.825,0.045,0.89,1.0,0.0,0.9450000000000001
0.825,0.05,0.87,1.0,0.0,0.935
0.825,0.055,0.87,1.0,0.0,0.935
0.825,0.06,0.87,1.0,0.0,0.935
0.825,0.065,0.84,1.0,0.0,0.9199999999999999
0.825,0.07,0.81,1.0,0.0,0.905
0.825,0.075,0.78,1.0,0.0,0.89
0.825,0.08,0.77,1.0,0.0,0.885
0.825,0.085,0.75,1.0,0.0,0.875
0.825,0.09,0.73,1.0,0.0,0.865
0.825,0.095,0.68,1.0,0.0,0.8400000000000001
0.825,0.1,0.61,1.0,0.0,0.8049999999999999
0.83,0.0,0.92,0.94,0.06,0.9299999999999999
0.83,0.005,0.92,0.94,0.06,0.9299999999999999
0.83,0.01,0.92,0.94,0.06,0.9299999999999999
0.83,0.015,0.91,0.94,0.06,0.925
0.83,0.02,0.9,0.98,0.02,0.94
0.83,0.025,0.9,0.98,0.02,0.94
0.83,0.03,0.89,0.98,0.02,0.935
0.83,0.035,0.88,0.98,0.02,0.9299999999999999
0.83,0.04,0.88,1.0,0.0,0.94
0.83,0.045,0.88,1.0,0.0,0.94
0.83,0.05,0.86,1.0,0.0,0.9299999999999999
0.83,0.055,0.86,1.0,0.0,0.9299999999999999
0.83,0.06,0.86,1.0,0.0,0.9299999999999999
0.83,0.065,0.83,1.0,0.0,0.915
0.83,0.07,0.8,1.0,0.0,0.9
0.83,0.075,0.77,1.0,0.0,0.885
0.83,0.08,0.76,1.0,0.0,0.88
0.83,0.085,0.74,1.0,0.0,0.87
0.83,0.09,0.72,1.0,0.0,0.86
0.83,0.095,0.67,1.0,0.0,0.835
0.83,0.1,0.61,1.0,0.0,0.8049999999999999
0.835,0.0,0.91,0.96,0.04,0.935
0.835,0.005,0.91,0.96,0.04,0.935
0.835,0.01,0.91,0.96,0.04,0.935
0.835,0.015,0.9,0.96,0.04,0.9299999999999999
0.835,0.02,0.9,0.98,0.02,0.94
0.835,0.025,0.9,0.98,0.02,0.94
0.835,0.03,0.89,0.98,0.02,0.935
0.835,0.035,0.88,0.98,0.02,0.9299999999999999
0.835,0.04,0.88,1.0,0.0,0.94
0.835,0.045,0.88,1.0,0.0,0.94
0.835,0.05,0.86,1.0,0.0,0.9299999999999999
0.835,0.055,0.86,1.0,0.0,0.9299999999999999
0.835,0.06,0.86,1.0,0.0,0.9299999999999999
0.835,0.065,0.83,1.0,0.0,0.915
0.835,0.07,0.8,1.0,0.0,0.9
0.835,0.075,0.77,1.0,0.0,0.885
0.835,0.08,0.76,1.0,0.0,0.88
0.835,0.085,0.74,1.0,0.0,0.87
0.835,0.09,0.72,1.0,0.0,0.86
0.835,0.095,0.67,1.0,0.0,0.835
0.835,0.1,0.61,1.0,0.0,0.8049999999999999
0.84,0.0,0.89,0.96,0.04,0.925
0.84,0.005,0.89,0.96,0.04,0.925
0.84,0.01,0.89,0.96,0.04,0.925
0.84,0.015,0.88,0.96,0.04,0.9199999999999999
0.84,0.02,0.88,0.98,0.02,0.9299999999999999
0.84,0.025,0.88,0.98,0.02,0.9299999999999999
0.84,0.03,0.87,0.98,0.02,0.925
0.84,0.035,0.86,0.98,0.02,0.9199999999999999
0.84,0.04,0.86,1.0,0.0,0.9299999999999999
0.84,0.045,0.86,1.0,0.0,0.9299999999999999
0.84,0.05,0.85,1.0,0.0,0.925
0.84,0.055,0.85,1.0,0.0,0.925
0.84,0.06,0.85,1.0,0.0,0.925
0.84,0.065,0.83,1.0,0.0,0.915
0.84,0.07,0.8,1.0,0.0,0.9
0.84,0.075,0.77,1.0,0.0,0.885
0.84,0.08,0.76,1.0,0.0,0.88
0.84,0.085,0.74,1.0,0.0,0.87
0.84,0.09,0.72,1.0,0.0,0.86
0.84,0.095,0.67,1.0,0.0,0.835
0.84,0.1,0.61,1.0,0.0,0.8049999999999999
0.845,0.0,0.88,0.98,0.02,0.9299999999999999
0.845,0.005,0.88,0.98,0.02,0.9299999999999999
0.845,0.01,0.88,0.98,0.02,0.9299999999999999
0.845,0.015,0.87,0.98,0.02,0.925
0.845,0.02,0.87,1.0,0.0,0.935
0.845,0.025,0.87,1.0,0.0,0.935
0.845,0.03,0.86,1.0,0.0,0.9299999999999999
0.845,0.035,0.85,1.0,0.0,0.925
0.845,0.04,0.85,1.0,0.0,0.925
0.845,0.045,0.85,1.0,0.0,0.925
0.845,0.05,0.85,1.0,0.0,0.925
0.845,0.055,0.85,1.0,0.0,0.925
0.845,0.06,0.85,1.0,0.0,0.925
0.845,0.065,0.83,1.0,0.0,0.915
0.845,0.07,0.8,1.0,0.0,0.9
0.845,0.075,0.77,1.0,0.0,0.885
0.845,0.08,0.76,1.0,0.0,0.88
0.845,0.085,0.74,1.0,0.0,0.87
0.845,0.09,0.72,1.0,0.0,0.86
0.845,0.095,0.67,1.0,0.0,0.835
0.845,0.1,0.61,1.0,0.0,0.8049999999999999
0.85,0.0,0.87,0.98,0.02,0.925
0.85,0.005,0.87,0.98,0.02,0.925
0.85,0.01,0.87,0.98,0.02,0.925
0.85,0.015,0.86,0.98,0.02,0.9199999999999999
0.85,0.02,0.86,1.0,0.0,0.9299999999999999
0.85,0.025,0.86,1.0,0.0,0.9299999999999999
0.85,0.03,0.85,1.0,0.0,0.925
0.85,0.035,0.84,1.0,0.0,0.9199999999999999
0.85,0.04,0.84,1.0,0.0,0.9199999999999999
0.85,0.045,0.84,1.0,0.0,0.9199999999999999
0.85,0.05,0.84,1.0,0.0,0.9199999999999999
0.85,0.055,0.84,1.0,0.0,0.9199999999999999
0.85,0.06,0.84,1.0,0.0,0.9199999999999999
0.85,0.065,0.82,1.0,0.0,0.9099999999999999
0.85,0.07,0.79,1.0,0.0,0.895
0.85,0.075,0.76,1.0,0.0,0.88
0.85,0.08,0.75,1.0,0.0,0.875
0.85,0.085,0.73,1.0,0.0,0.865
0.85,0.09,0.71,1.0,0.0,0.855
0.85,0.095,0.66,1.0,0.0,0.8300000000000001
0.85,0.1,0.6,1.0,0.0,0.8
0.855,0.0,0.86,0.98,0.02,0.9199999999999999
0.855,0.005,0.86,0.98,0.02,0.9199999999999999
0.855,0.01,0.86,0.98,0.02,0.9199999999999999
0.855,0.015,0.85,0.98,0.02,0.915
0.855,0.02,0.85,1.0,0.0,0.925
0.855,0.025,0.85,1.0,0.0,0.925
0.855,0.03,0.84,1.0,0.0,0.9199999999999999
0.855,0.035,0.83,1.0,0.0,0.915
0.855,0.04,0.83,1.0,0.0,0.915
0.855,0.045,0.83,1.0,0.0,0.915
0.855,0.05,0.83,1.0,0.0,0.915
0.855,0.055,0.83,1.0,0.0,0.915
0.855,0.06,0.83,1.0,0.0,0.915
0.855,0.065,0.81,1.0,0.0,0.905
0.855,0.07,0.78,1.0,0.0,0.89
0.855,0.075,0.75,1.0,0.0,0.875
0.855,0.08,0.74,1.0,0.0,0.87
0.855,0.085,0.72,1.0,0.0,0.86
0.855,0.09,0.7,1.0,0.0,0.85
0.855,0.095,0.65,1.0,0.0,0.825
0.855,0.1,0.59,1.0,0.0,0.7949999999999999
0.86,0.0,0.83,0.98,0.02,0.905
0.86,0.005,0.83,0.98,0.02,0.905
0.86,0.01,0.83,0.98,0.02,0.905
0.86,0.015,0.83,0.98,0.02,0.905
0.86,0.02,0.83,1.0,0.0,0.915
0.86,0.025,0.83,1.0,0.0,0.915
0.86,0.03,0.82,1.0,0.0,0.9099999999999999
0.86,0.035,0.81,1.0,0.0,0.905
0.86,0.04,0.81,1.0,0.0,0.905
0.86,0.045,0.81,1.0,0.0,0.905
0.86,0.05,0.81,1.0,0.0,0.905
0.86,0.055,0.81,1.0,0.0,0.905
0.86,0.06,0.81,1.0,0.0,0.905
0.86,0.065,0.79,1.0,0.0,0.895
0.86,0.07,0.76,1.0,0.0,0.88
0.86,0.075,0.74,1.0,0.0,0.87
0.86,0.08,0.73,1.0,0.0,0.865
0.86,0.085,0.71,1.0,0.0,0.855
0.86,0.09,0.69,1.0,0.0,0.845
0.86,0.095,0.64,1.0,0.0,0.8200000000000001
0.86,0.1,0.58,1.0,0.0,0.79
0.865,0.0,0.81,0.98,0.02,0.895
0.865,0.005,0.81,0.98,0.02,0.895
0.865,0.01,0.81,0.98,0.02,0.895
0.865,0.015,0.81,0.98,0.02,0.895
0.865,0.02,0.81,1.0,0.0,0.905
0.865,0.025,0.81,1.0,0.0,0.905
0.865,0.03,0.8,1.0,0.0,0.9
0.865,0.035,0.79,1.0,0.0,0.895
0.865,0.04,0.79,1.0,0.0,0.895
0.865,0.045,0.79,1.0,0.0,0.895
0.865,0.05,0.79,1.0,0.0,0.895
0.865,0.055,0.79,1.0,0.0,0.895
0.865,0.06,0.79,1.0,0.0,0.895
0.865,0.065,0.77,1.0,0.0,0.885
0.865,0.07,0.74,1.0,0.0,0.87
0.865,0.075,0.72,1.0,0.0,0.86
0.865,0.08,0.71,1.0,0.0,0.855
0.865,0.085,0.69,1.0,0.0,0.845
0.865,0.09,0.67,1.0,0.0,0.835
0.865,0.095,0.63,1.0,0.0,0.815
0.865,0.1,0.57,1.0,0.0,0.7849999999999999
0.87,0.0,0.78,0.98,0.02,0.88
0.87,0.005,0.78,0.98,0.02,0.88
0.87,0.01,0.78,0.98,0.02,0.88
0.87,0.015,0.78,0.98,0.02,0.88
0.87,0.02,0.78,1.0,0.0,0.89
0.87,0.025,0.78,1.0,0.0,0.89
0.87,0.03,0.78,1.0,0.0,0.89
0.87,0.035,0.77,1.0,0.0,0.885
0.87,0.04,0.77,1.0,0.0,0.885
0.87,0.045,0.77,1.0,0.0,0.885
0.87,0.05,0.77,1.0,0.0,0.885
0.87,0.055,0.77,1.0,0.0,0.885
0.87,0.06,0.77,1.0,0.0,0.885
0.87,0.065,0.76,1.0,0.0,0.88
0.87,0.07,0.73,1.0,0.0,0.865
0.87,0.075,0.71,1.0,0.0,0.855
0.87,0.08,0.7,1.0,0.0,0.85
0.87,0.085,0.69,1.0,0.0,0.845
0.87,0.09,0.67,1.0,0.0,0.835
0.87,0.095,0.63,1.0,0.0,0.815
0.87,0.1,0.57,1.0,0.0,0.7849999999999999
0.875,0.0,0.77,1.0,0.0,0.885
0.875,0.005,0.77,1.0,0.0,0.885
0.875,0.01,0.77,1.0,0.0,0.885
0.875,0.015,0.77,1.0,0.0,0.885
0.875,0.02,0.77,1.0,0.0,0.885
0.875,0.025,0.77,1.0,0.0,0.885
0.875,0.03,0.77,1.0,0.0,0.885
0.875,0.035,0.76,1.0,0.0,0.88
0.875,0.04,0.76,1.0,0.0,0.88
0.875,0.045,0.76,1.0,0.0,0.88
0.875,0.05,0.76,1.0,0.0,0.88
0.875,0.055,0.76,1.0,0.0,0.88
0.875,0.06,0.76,1.0,0.0,0.88
0.875,0.065,0.75,1.0,0.0,0.875
0.875,0.07,0.72,1.0,0.0,0.86
0.875,0.075,0.7,1.0,0.0,0.85
0.875,0.08,0.69,1.0,0.0,0.845
0.875,0.085,0.68,1.0,0.0,0.8400000000000001
0.875,0.09,0.66,1.0,0.0,0.8300000000000001
0.875,0.095,0.62,1.0,0.0,0.81
0.875,0.1,0.57,1.0,0.0,0.7849999999999999
0.88,0.0,0.74,1.0,0.0,0.87
0.88,0.005,0.74,1.0,0.0,0.87
0.88,0.01,0.74,1.0,0.0,0.87
0.88,0.015,0.74,1.0,0.0,0.87
0.88,0.02,0.74,1.0,0.0,0.87
0.88,0.025,0.74,1.0,0.0,0.87
0.88,0.03,0.74,1.0,0.0,0.87
0.88,0.035,0.73,1.0,0.0,0.865
0.88,0.04,0.73,1.0,0.0,0.865
0.88,0.045,0.73,1.0,0.0,0.865
0.88,0.05,0.73,1.0,0.0,0.865
0.88,0.055,0.73,1.0,0.0,0.865
0.88,0.06,0.73,1.0,0.0,0.865
0.88,0.065,0.72,1.0,0.0,0.86
0.88,0.07,0.69,1.0,0.0,0.845
0.88,0.075,0.67,1.0,0.0,0.835
0.88,0.08,0.66,1.0,0.0,0.8300000000000001
0.88,0.085,0.65,1.0,0.0,0.825
0.88,0.09,0.64,1.0,0.0,0.8200000000000001
0.88,0.095,0.6,1.0,0.0,0.8
0.88,0.1,0.55,1.0,0.0,0.775
0.885,0.0,0.72,1.0,0.0,0.86
0.885,0.005,0.72,1.0,0.0,0.86
0.885,0.01,0.72,1.0,0.0,0.86
0.885,0.015,0.72,1.0,0.0,0.86
0.885,0.02,0.72,1.0,0.0,0.86
0.885,0.025,0.72,1.0,0.0,0.86
0.885,0.03,0.72,1.0,0.0,0.86
0.885,0.035,0.71,1.0,0.0,0.855
0.885,0.04,0.71,1.0,0.0,0.855
0.885,0.045,0.71,1.0,0.0,0.855
0.885,0.05,0.71,1.0,0.0,0.855
0.885,0.055,0.71,1.0,0.0,0.855
0.885,0.06,0.71,1.0,0.0,0.855
0.885,0.065,0.7,1.0,0.0,0.85
0.885,0.07,0.67,1.0,0.0,0.835
0.885,0.075,0.65,1.0,0.0,0.825
0.885,0.08,0.64,1.0,0.0,0.8200000000000001
0.885,0.085,0.63,1.0,0.0,0.815
0.885,0.09,0.63,1.0,0.0,0.815
0.885,0.095,0.59,1.0,0.0,0.7949999999999999
0.885,0.1,0.55,1.0,0.0,0.775
0.89,0.0,0.71,1.0,0.0,0.855
0.89,0.005,0.71,1.0,0.0,0.855
0.89,0.01,0.71,1.0,0.0,0.855
0.89,0.015,0.71,1.0,0.0,0.855
0.89,0.02,0.71,1.0,0.0,0.855
0.89,0.025,0.71,1.0,0.0,0.855
0.89,0.03,0.71,1.0,0.0,0.855
0.89,0.035,0.7,1.0,0.0,0.85
0.89,0.04,0.7,1.0,0.0,0.85
0.89,0.045,0.7,1.0,0.0,0.85
0.89,0.05,0.7,1.0,0.0,0.85
0.89,0.055,0.7,1.0,0.0,0.85
0.89,0.06,0.7,1.0,0.0,0.85
0.89,0.065,0.69,1.0,0.0,0.845
0.89,0.07,0.66,1.0,0.0,0.8300000000000001
0.89,0.075,0.64,1.0,0.0,0.8200000000000001
0.89,0.08,0.63,1.0,0.0,0.815
0.89,0.085,0.62,1.0,0.0,0.81
0.89,0.09,0.62,1.0,0.0,0.81
0.89,0.095,0.58,1.0,0.0,0.79
0.89,0.1,0.54,1.0,0.0,0.77
0.895,0.0,0.67,1.0,0.0,0.835
0.895,0.005,0.67,1.0,0.0,0.835
0.895,0.01,0.67,1.0,0.0,0.835
0.895,0.015,0.67,1.0,0.0,0.835
0.895,0.02,0.67,1.0,0.0,0.835
0.895,0.025,0.67,1.0,0.0,0.835
0.895,0.03,0.67,1.0,0.0,0.835
0.895,0.035,0.67,1.0,0.0,0.835
0.895,0.04,0.67,1.0,0.0,0.835
0.895,0.045,0.67,1.0,0.0,0.835
0.895,0.05,0.67,1.0,0.0,0.835
0.895,0.055,0.67,1.0,0.0,0.835
0.895,0.06,0.67,1.0,0.0,0.835
0.895,0.065,0.66,1.0,0.0,0.8300000000000001
0.895,0.07,0.63,1.0,0.0,0.815
0.895,0.075,0.61,1.0,0.0,0.8049999999999999
0.895,0.08,0.6,1.0,0.0,0.8
0.895,0.085,0.59,1.0,0.0,0.7949999999999999
0.895,0.09,0.59,1.0,0.0,0.7949999999999999
0.895,0.095,0.56,1.0,0.0,0.78
0.895,0.1,0.52,1.0,0.0,0.76
0.9,0.0,0.63,1.0,0.0,0.815
0.9,0.005,0.63,1.0,0.0,0.815
0.9,0.01,0.63,1.0,0.0,0.815
0.9,0.015,0.63,1.0,0.0,0.815
0.9,0.02,0.63,1.0,0.0,0.815
0.9,0.025,0.63,1.0,0.0,0.815
0.9,0.03,0.63,1.0,0.0,0.815
0.9,0.035,0.63,1.0,0.0,0.815
0.9,0.04,0.63,1.0,0.0,0.815
0.9,0.045,0.63,1.0,0.0,0.815
0.9,0.05,0.63,1.0,0.0,0.815
0.9,0.055,0.63,1.0,0.0,0.815
0.9,0.06,0.63,1.0,0.0,0.815
0.9,0.065,0.62,1.0,0.0,0.81
0.9,0.07,0.6,1.0,0.0,0.8
0.9,0.075,0.59,1.0,0.0,0.7949999999999999
0.9,0.08,0.58,1.0,0.0,0.79
0.9,0.085,0.57,1.0,0.0,0.7849999999999999
0.9,0.09,0.57,1.0,0.0,0.7849999999999999
0.9,0.095,0.54,1.0,0.0,0.77
0.9,0.1,0.5,1.0,0.0,0.75
