group,image,true_species,predicted_species,top_score,second_species,second_score,margin,correct
known,acanthurus_bahianus_0002.jpg,acanthurus_bahianus,acanthurus_bahianus,0.9008430242538452,acanthurus_coeruleus,0.7763774792353312,0.12446554501851403,True
known,acanthurus_bahianus_0006.jpg,acanthurus_bahianus,acanthurus_bahianus,0.89246666431427,acanthurus_coeruleus,0.7988685170809428,0.09359814723332727,True
known,acanthurus_bahianus_0007.jpg,acanthurus_bahianus,acanthurus_bahianus,0.8412807186444601,acanthurus_coeruleus,0.7937431732813517,0.04753754536310839,True
known,acanthurus_bahianus_0008.jpg,acanthurus_bahianus,acanthurus_bahianus,0.9210841655731201,acanthurus_coeruleus,0.8081857959429423,0.11289836963017785,True
known,acanthurus_bahianus_0009.jpg,acanthurus_bahianus,acanthurus_bahianus,0.9431573549906412,acanthurus_coeruleus,0.8438556989034017,0.09930165608723951,True
known,acanthurus_bahianus_0015.jpg,acanthurus_bahianus,acanthurus_bahianus,0.8972153266270956,acanthurus_coeruleus,0.8263553778330485,0.07085994879404711,True
known,acanthurus_bahianus_0016.jpg,acanthurus_bahianus,acanthurus_bahianus,0.8368135690689087,acanthurus_coeruleus,0.7906206051508585,0.04619296391805017,True
known,acanthurus_bahianus_0018.jpg,acanthurus_bahianus,acanthurus_bahianus,0.8995537757873535,acanthurus_coeruleus,0.8300600051879883,0.06949377059936523,True
known,acanthurus_bahianus_0035.jpg,acanthurus_bahianus,acanthurus_bahianus,0.9229092200597128,acanthurus_coeruleus,0.8272151947021484,0.09569402535756433,True
known,acanthurus_bahianus_0041.jpg,acanthurus_bahianus,acanthurus_bahianus,0.9146429697672526,acanthurus_coeruleus,0.8027085463205973,0.11193442344665527,True
known,acanthurus_coeruleus_0006.jpg,acanthurus_coeruleus,acanthurus_coeruleus,0.8701177835464478,acanthurus_bahianus,0.7721702853838602,0.09794749816258752,True
known,acanthurus_coeruleus_0008.jpg,acanthurus_coeruleus,acanthurus_coeruleus,0.9233715136845907,holacanthus_ciliaris,0.8399326999982198,0.08343881368637085,True
known,acanthurus_coeruleus_0019.jpg,acanthurus_coeruleus,acanthurus_coeruleus,0.8689683874448141,sparisoma_viride,0.808468759059906,0.06049962838490808,True
known,acanthurus_coeruleus_0024.jpg,acanthurus_coeruleus,acanthurus_coeruleus,0.9238538940747579,holacanthus_ciliaris,0.8075881997744242,0.11626569430033373,True
known,acanthurus_coeruleus_0025.jpg,acanthurus_coeruleus,acanthurus_coeruleus,0.9469069639841715,acanthurus_bahianus,0.8485185901323954,0.09838837385177612,True
known,acanthurus_coeruleus_0035.jpg,acanthurus_coeruleus,acanthurus_coeruleus,0.9524237314860026,acanthurus_bahianus,0.851953387260437,0.10047034422556556,True
known,acanthurus_coeruleus_0036.jpg,acanthurus_coeruleus,acanthurus_coeruleus,0.9524438182512919,holacanthus_ciliaris,0.8821918368339539,0.07025198141733802,True
known,acanthurus_coeruleus_0037.jpg,acanthurus_coeruleus,acanthurus_coeruleus,0.9441168308258057,sparisoma_viride,0.847387452920278,0.09672937790552771,True
known,acanthurus_coeruleus_0040.jpg,acanthurus_coeruleus,acanthurus_coeruleus,0.9272003372510275,acanthurus_bahianus,0.8627220590909322,0.06447827816009521,True
known,acanthurus_coeruleus_0041.jpg,acanthurus_coeruleus,acanthurus_coeruleus,0.959807833035787,acanthurus_bahianus,0.8800334334373474,0.07977439959843957,True
known,diodon_hystrix_0014.jpg,diodon_hystrix,diodon_hystrix,0.8108461101849874,pterois_volitans,0.7443382541338602,0.06650785605112719,True
known,diodon_hystrix_0021.jpg,diodon_hystrix,diodon_hystrix,0.8249388734499613,sphyraena_barracuda,0.7328995863596598,0.09203928709030151,True
known,diodon_hystrix_0026.jpg,diodon_hystrix,diodon_hystrix,0.9373468557993571,lactophrys_triqueter,0.7828797499338785,0.15446710586547852,True
known,diodon_hystrix_0030.jpg,diodon_hystrix,diodon_hystrix,0.9470242261886597,lactophrys_triqueter,0.7850445906321207,0.16197963555653894,True
known,diodon_hystrix_0032.jpg,diodon_hystrix,diodon_hystrix,0.867785652478536,lactophrys_triqueter,0.7851700981458029,0.08261555433273315,True
known,diodon_hystrix_0037.jpg,diodon_hystrix,diodon_hystrix,0.8571601510047913,sphyraena_barracuda,0.7844836910565695,0.0726764599482218,True
known,diodon_hystrix_0042.jpg,diodon_hystrix,diodon_hystrix,0.9000876148541769,pterois_volitans,0.7614123821258545,0.13867523272832238,True
known,diodon_hystrix_0045.jpg,diodon_hystrix,diodon_hystrix,0.9216999212900797,lactophrys_triqueter,0.7978996237119039,0.12380029757817579,True
known,diodon_hystrix_0046.jpg,diodon_hystrix,diodon_hystrix,0.8395851254463196,lactophrys_triqueter,0.7764750321706136,0.06311009327570594,True
known,diodon_hystrix_0050.jpg,diodon_hystrix,diodon_hystrix,0.8648126522699991,sphyraena_barracuda,0.7747551798820496,0.09005747238794959,True
known,gymnothorax_funebris_0001.jpg,gymnothorax_funebris,gymnothorax_funebris,0.9193789760271708,diodon_hystrix,0.7394760052363077,0.17990297079086304,True
known,gymnothorax_funebris_0007.jpg,gymnothorax_funebris,gymnothorax_funebris,0.8588707248369852,acanthurus_coeruleus,0.7398003538449606,0.11907037099202467,True
known,gymnothorax_funebris_0011.jpg,gymnothorax_funebris,gymnothorax_funebris,0.8613582452138265,sphyraena_barracuda,0.7519224286079407,0.10943581660588586,True
known,gymnothorax_funebris_0012.jpg,gymnothorax_funebris,gymnothorax_funebris,0.9222549597422282,pomacanthus_paru,0.7963792483011881,0.12587571144104004,True
known,gymnothorax_funebris_0017.jpg,gymnothorax_funebris,gymnothorax_funebris,0.9212427536646525,sphyraena_barracuda,0.6995598673820496,0.2216828862826029,True
known,gymnothorax_funebris_0030.jpg,gymnothorax_funebris,gymnothorax_funebris,0.8869823416074117,diodon_hystrix,0.7195396224657694,0.16744271914164233,True
known,gymnothorax_funebris_0033.jpg,gymnothorax_funebris,gymnothorax_funebris,0.9262644052505493,sphyraena_barracuda,0.6974839568138123,0.22878044843673706,True
known,gymnothorax_funebris_0041.jpg,gymnothorax_funebris,gymnothorax_funebris,0.9109287063280741,diodon_hystrix,0.7390518188476562,0.17187688748041785,True
known,gymnothorax_funebris_0045.jpg,gymnothorax_funebris,gymnothorax_funebris,0.9400367339452108,holacanthus_ciliaris,0.7141078114509583,0.22592892249425256,True
known,gymnothorax_funebris_0047.jpg,gymnothorax_funebris,gymnothorax_funebris,0.9177002708117167,sphyraena_barracuda,0.7149123549461365,0.2027879158655802,True
known,holacanthus_ciliaris_0002.jpg,holacanthus_ciliaris,holacanthus_ciliaris,0.9478705128033956,pomacanthus_paru,0.8135361472765604,0.1343343655268352,True
known,holacanthus_ciliaris_0005.jpg,holacanthus_ciliaris,holacanthus_ciliaris,0.9551953077316284,pomacanthus_paru,0.8310234149297079,0.12417189280192054,True
known,holacanthus_ciliaris_0008.jpg,holacanthus_ciliaris,holacanthus_ciliaris,0.9326041142145792,acanthurus_coeruleus,0.8205360372861227,0.11206807692845655,True
known,holacanthus_ciliaris_0015.jpg,holacanthus_ciliaris,holacanthus_ciliaris,0.9332492550214132,acanthurus_coeruleus,0.8664760986963908,0.06677315632502245,True
known,holacanthus_ciliaris_0016.jpg,holacanthus_ciliaris,sparisoma_viride,0.859805186589559,holacanthus_ciliaris,0.8462217450141907,0.013583441575368282,False
known,holacanthus_ciliaris_0022.jpg,holacanthus_ciliaris,holacanthus_ciliaris,0.8801277875900269,pomacanthus_paru,0.7946100831031799,0.08551770448684692,True
known,holacanthus_ciliaris_0029.jpg,holacanthus_ciliaris,holacanthus_ciliaris,0.9392745494842529,acanthurus_coeruleus,0.7896096507708231,0.1496648987134298,True
known,holacanthus_ciliaris_0034.jpg,holacanthus_ciliaris,holacanthus_ciliaris,0.9037012060483297,pomacanthus_paru,0.8101038932800293,0.09359731276830041,True
known,holacanthus_ciliaris_0038.jpg,holacanthus_ciliaris,holacanthus_ciliaris,0.9345295627911886,pomacanthus_paru,0.8072558045387268,0.1272737582524618,True
known,holacanthus_ciliaris_0050.jpg,holacanthus_ciliaris,holacanthus_ciliaris,0.8845953345298767,pomacanthus_paru,0.788350244363149,0.09624509016672766,True
known,lactophrys_triqueter_0007.jpg,lactophrys_triqueter,lactophrys_triqueter,0.80872909228007,pomacanthus_paru,0.786164383093516,0.022564709186553955,True
known,lactophrys_triqueter_0009.jpg,lactophrys_triqueter,lactophrys_triqueter,0.9463584025700887,sparisoma_viride,0.8128196795781454,0.13353872299194336,True
known,lactophrys_triqueter_0013.jpg,lactophrys_triqueter,lactophrys_triqueter,0.9546513358751932,sparisoma_viride,0.8469916979471842,0.10765963792800903,True
known,lactophrys_triqueter_0016.jpg,lactophrys_triqueter,lactophrys_triqueter,0.9169658422470093,diodon_hystrix,0.7826006213823954,0.1343652208646139,True
known,lactophrys_triqueter_0022.jpg,lactophrys_triqueter,lactophrys_triqueter,0.8780081669489542,sparisoma_viride,0.7090916633605957,0.16891650358835852,True
known,lactophrys_triqueter_0028.jpg,lactophrys_triqueter,lactophrys_triqueter,0.9566119313240051,sparisoma_viride,0.7919791539510092,0.16463277737299598,True
known,lactophrys_triqueter_0029.jpg,lactophrys_triqueter,lactophrys_triqueter,0.9024205406506857,sparisoma_viride,0.7236526807149252,0.1787678599357605,True
known,lactophrys_triqueter_0035.jpg,lactophrys_triqueter,lactophrys_triqueter,0.9426842133204142,diodon_hystrix,0.775331974029541,0.16735223929087317,True
known,lactophrys_triqueter_0046.jpg,lactophrys_triqueter,sphyraena_barracuda,0.832878569761912,acanthurus_coeruleus,0.8151184320449829,0.01776013771692908,False
known,lactophrys_triqueter_0047.jpg,lactophrys_triqueter,lactophrys_triqueter,0.8999916911125183,sparisoma_viride,0.7294516563415527,0.17054003477096558,True
known,pomacanthus_paru_0004.jpg,pomacanthus_paru,pomacanthus_paru,0.9223901828130087,holacanthus_ciliaris,0.7758020758628845,0.14658810695012414,True
known,pomacanthus_paru_0011.jpg,pomacanthus_paru,pomacanthus_paru,0.8945491711298624,holacanthus_ciliaris,0.7437789638837179,0.15077020724614454,True
known,pomacanthus_paru_0021.jpg,pomacanthus_paru,pomacanthus_paru,0.9199099540710449,holacanthus_ciliaris,0.8015946348508199,0.11831531922022498,True
known,pomacanthus_paru_0031.jpg,pomacanthus_paru,pomacanthus_paru,0.9277148246765137,holacanthus_ciliaris,0.8335545460383097,0.09416027863820398,True
known,pomacanthus_paru_0033.jpg,pomacanthus_paru,pomacanthus_paru,0.7831233739852905,lactophrys_triqueter,0.7566275000572205,0.02649587392807007,True
known,pomacanthus_paru_0034.jpg,pomacanthus_paru,pomacanthus_paru,0.8519866069157919,acanthurus_coeruleus,0.7500187555948893,0.10196785132090258,True
known,pomacanthus_paru_0038.jpg,pomacanthus_paru,pomacanthus_paru,0.9201865593592325,holacanthus_ciliaris,0.7809905608495077,0.13919599850972486,True
known,pomacanthus_paru_0047.jpg,pomacanthus_paru,pomacanthus_paru,0.9472249746322632,holacanthus_ciliaris,0.8059423764546713,0.14128259817759192,True
known,pomacanthus_paru_0048.jpg,pomacanthus_paru,pomacanthus_paru,0.928541342417399,holacanthus_ciliaris,0.8277502258618673,0.10079111655553175,True
known,pomacanthus_paru_0050.jpg,pomacanthus_paru,pomacanthus_paru,0.9428904056549072,holacanthus_ciliaris,0.7854780753453573,0.15741233030954993,True
known,pterois_volitans_0005.jpg,pterois_volitans,pterois_volitans,0.9614010453224182,sphyraena_barracuda,0.7464902400970459,0.21491080522537231,True
known,pterois_volitans_0009.jpg,pterois_volitans,pterois_volitans,0.9729567170143127,sphyraena_barracuda,0.7576724688212076,0.2152842481931051,True
known,pterois_volitans_0011.jpg,pterois_volitans,pterois_volitans,0.967208981513977,diodon_hystrix,0.7203152775764465,0.24689370393753052,True
known,pterois_volitans_0016.jpg,pterois_volitans,pterois_volitans,0.9717150727907816,sphyraena_barracuda,0.7348334391911825,0.23688163359959913,True
known,pterois_volitans_0017.jpg,pterois_volitans,pterois_volitans,0.9470608631769816,diodon_hystrix,0.7485294739405314,0.1985313892364502,True
known,pterois_volitans_0019.jpg,pterois_volitans,pterois_volitans,0.9737640619277954,sphyraena_barracuda,0.7559945384661356,0.2177695234616598,True
known,pterois_volitans_0023.jpg,pterois_volitans,pterois_volitans,0.973551074663798,sphyraena_barracuda,0.7423598567644755,0.2311912178993225,True
known,pterois_volitans_0024.jpg,pterois_volitans,pterois_volitans,0.9667837222417196,sphyraena_barracuda,0.7057016889254252,0.2610820333162944,True
known,pterois_volitans_0029.jpg,pterois_volitans,pterois_volitans,0.9794461925824484,sphyraena_barracuda,0.7572800715764364,0.22216612100601196,True
known,pterois_volitans_0033.jpg,pterois_volitans,pterois_volitans,0.9634977380434672,diodon_hystrix,0.7592335343360901,0.20426420370737708,True
known,sparisoma_viride_0001.jpg,sparisoma_viride,sparisoma_viride,0.9585291147232056,acanthurus_coeruleus,0.7961689432462057,0.16236017147699988,True
known,sparisoma_viride_0003.jpg,sparisoma_viride,sparisoma_viride,0.9817411104838053,acanthurus_coeruleus,0.8743999799092611,0.1073411305745442,True
known,sparisoma_viride_0005.jpg,sparisoma_viride,sparisoma_viride,0.7860816915829977,acanthurus_bahianus,0.7543719609578451,0.03170973062515259,True
known,sparisoma_viride_0008.jpg,sparisoma_viride,sparisoma_viride,0.8653284112612406,acanthurus_coeruleus,0.8374860485394796,0.027842362721760994,True
known,sparisoma_viride_0010.jpg,sparisoma_viride,acanthurus_coeruleus,0.8085224429766337,sparisoma_viride,0.7892520030339559,0.019270439942677742,False
known,sparisoma_viride_0028.jpg,sparisoma_viride,sparisoma_viride,0.8795184890429179,acanthurus_coeruleus,0.7907174626986185,0.08880102634429932,True
known,sparisoma_viride_0035.jpg,sparisoma_viride,sparisoma_viride,0.9038629730542501,pomacanthus_paru,0.7387553652127584,0.1651076078414917,True
known,sparisoma_viride_0036.jpg,sparisoma_viride,sparisoma_viride,0.9034918745358785,acanthurus_coeruleus,0.8105713526407877,0.09292052189509081,True
known,sparisoma_viride_0046.jpg,sparisoma_viride,sparisoma_viride,0.9571257630983988,acanthurus_coeruleus,0.8271685242652893,0.1299572388331095,True
known,sparisoma_viride_0050.jpg,sparisoma_viride,sparisoma_viride,0.9023426373799642,sphyraena_barracuda,0.8007722695668539,0.10157036781311035,True
known,sphyraena_barracuda_0003.jpg,sphyraena_barracuda,sphyraena_barracuda,0.8977563381195068,pterois_volitans,0.7371979753176371,0.16055836280186975,True
known,sphyraena_barracuda_0013.jpg,sphyraena_barracuda,sphyraena_barracuda,0.8256502946217855,gymnothorax_funebris,0.7298878828684489,0.09576241175333666,True
known,sphyraena_barracuda_0015.jpg,sphyraena_barracuda,sphyraena_barracuda,0.9404751857121786,sparisoma_viride,0.7758861184120178,0.16458906730016076,True
known,sphyraena_barracuda_0020.jpg,sphyraena_barracuda,acanthurus_coeruleus,0.8067418138186137,sphyraena_barracuda,0.7969512144724528,0.009790599346160889,False
known,sphyraena_barracuda_0023.jpg,sphyraena_barracuda,sphyraena_barracuda,0.8929409186045328,pterois_volitans,0.7412811319033304,0.1516597867012024,True
known,sphyraena_barracuda_0025.jpg,sphyraena_barracuda,sphyraena_barracuda,0.9162256121635437,sparisoma_viride,0.7839219570159912,0.1323036551475525,True
known,sphyraena_barracuda_0030.jpg,sphyraena_barracuda,sphyraena_barracuda,0.8777226209640503,gymnothorax_funebris,0.7139439384142557,0.16377868254979455,True
known,sphyraena_barracuda_0031.jpg,sphyraena_barracuda,sphyraena_barracuda,0.8464751640955607,sparisoma_viride,0.7303131222724915,0.11616204182306922,True
known,sphyraena_barracuda_0042.jpg,sphyraena_barracuda,sphyraena_barracuda,0.894772489865621,sparisoma_viride,0.8613883852958679,0.03338410456975305,True
known,sphyraena_barracuda_0047.jpg,sphyraena_barracuda,sphyraena_barracuda,0.9141565163930258,sparisoma_viride,0.8457111716270447,0.06844534476598108,True
unknown,chelonia_mydas_001.jpg,chelonia_mydas,acanthurus_coeruleus,0.7696471412976583,sparisoma_viride,0.7604115207990011,0.009235620498657227,False
unknown,chelonia_mydas_002.jpg,chelonia_mydas,acanthurus_coeruleus,0.7401335835456848,diodon_hystrix,0.7298868099848429,0.010246773560841915,False
unknown,chelonia_mydas_003.jpg,chelonia_mydas,pterois_volitans,0.8164016008377075,acanthurus_coeruleus,0.8076669573783875,0.008734643459320068,False
unknown,chelonia_mydas_004.jpg,chelonia_mydas,sphyraena_barracuda,0.7819997469584147,sparisoma_viride,0.778804620107015,0.0031951268513996656,False
unknown,chelonia_mydas_005.jpg,chelonia_mydas,pterois_volitans,0.7927038669586182,sphyraena_barracuda,0.7900671561559042,0.002636710802713993,False
unknown,chelonia_mydas_006.jpg,chelonia_mydas,pterois_volitans,0.7881996432940165,sparisoma_viride,0.7708955804506937,0.017304062843322754,False
unknown,chelonia_mydas_007.jpg,chelonia_mydas,pterois_volitans,0.7919493317604065,sparisoma_viride,0.7902300556500753,0.0017192761103311804,False
unknown,chelonia_mydas_008.jpg,chelonia_mydas,pterois_volitans,0.8034335176150004,sphyraena_barracuda,0.7851951519648234,0.018238365650177002,False
unknown,chelonia_mydas_009.jpg,chelonia_mydas,sphyraena_barracuda,0.7362892031669617,gymnothorax_funebris,0.6811111370722452,0.05517806609471643,False
unknown,chelonia_mydas_010.jpg,chelonia_mydas,sparisoma_viride,0.7955620884895325,acanthurus_coeruleus,0.7881642580032349,0.007397830486297607,False
unknown,ginglymostoma_cirratum_001.jpg,ginglymostoma_cirratum,sphyraena_barracuda,0.7984773715337118,gymnothorax_funebris,0.7388549049695333,0.05962246656417847,False
unknown,ginglymostoma_cirratum_002.jpg,ginglymostoma_cirratum,gymnothorax_funebris,0.7145969470342001,sphyraena_barracuda,0.7139253616333008,0.0006715854008992883,False
unknown,ginglymostoma_cirratum_003.jpg,ginglymostoma_cirratum,gymnothorax_funebris,0.7577808896700541,sphyraena_barracuda,0.7306476831436157,0.027133206526438358,False
unknown,ginglymostoma_cirratum_004.jpg,ginglymostoma_cirratum,gymnothorax_funebris,0.7465226451555887,diodon_hystrix,0.7316059072812399,0.014916737874348884,False
unknown,ginglymostoma_cirratum_005.jpg,ginglymostoma_cirratum,gymnothorax_funebris,0.7894601424535116,sphyraena_barracuda,0.7501099507013956,0.03935019175211596,False
unknown,ginglymostoma_cirratum_006.jpg,ginglymostoma_cirratum,sphyraena_barracuda,0.7860809961954752,gymnothorax_funebris,0.740943193435669,0.04513780275980628,False
unknown,ginglymostoma_cirratum_007.jpg,ginglymostoma_cirratum,gymnothorax_funebris,0.7679170370101929,sphyraena_barracuda,0.7260320981343588,0.04188493887583411,False
unknown,ginglymostoma_cirratum_008.jpg,ginglymostoma_cirratum,sphyraena_barracuda,0.803106685479482,gymnothorax_funebris,0.789817730585734,0.01328895489374804,False
unknown,ginglymostoma_cirratum_009.jpg,ginglymostoma_cirratum,gymnothorax_funebris,0.7976251244544983,sphyraena_barracuda,0.7791364789009094,0.018488645553588867,False
unknown,ginglymostoma_cirratum_010.jpg,ginglymostoma_cirratum,sphyraena_barracuda,0.802699069182078,diodon_hystrix,0.7360619306564331,0.0666371385256449,False
unknown,haemulon_flavolineatum_001.jpg,haemulon_flavolineatum,acanthurus_coeruleus,0.7749720613161722,acanthurus_bahianus,0.762076179186503,0.01289588212966919,False
unknown,haemulon_flavolineatum_002.jpg,haemulon_flavolineatum,acanthurus_coeruleus,0.7781898379325867,sparisoma_viride,0.7697875698407491,0.008402268091837528,False
unknown,haemulon_flavolineatum_003.jpg,haemulon_flavolineatum,gymnothorax_funebris,0.7627373735109965,acanthurus_coeruleus,0.7596602837244669,0.003077089786529541,False
unknown,haemulon_flavolineatum_004.jpg,haemulon_flavolineatum,acanthurus_coeruleus,0.8421982129414877,sparisoma_viride,0.804037868976593,0.03816034396489465,False
unknown,haemulon_flavolineatum_005.jpg,haemulon_flavolineatum,acanthurus_coeruleus,0.7945253451665243,sparisoma_viride,0.7791691025098165,0.015356242656707764,False
unknown,haemulon_flavolineatum_006.jpg,haemulon_flavolineatum,acanthurus_coeruleus,0.8088518778483073,sparisoma_viride,0.7950370907783508,0.013814787069956425,False
unknown,haemulon_flavolineatum_007.jpg,haemulon_flavolineatum,acanthurus_coeruleus,0.8323959906895956,sparisoma_viride,0.8143447438875834,0.0180512468020122,False
unknown,haemulon_flavolineatum_008.jpg,haemulon_flavolineatum,acanthurus_coeruleus,0.8743418256441752,holacanthus_ciliaris,0.8546567757924398,0.01968504985173536,False
unknown,haemulon_flavolineatum_009.jpg,haemulon_flavolineatum,acanthurus_coeruleus,0.8092842300732931,acanthurus_bahianus,0.7919384439786276,0.017345786094665527,False
unknown,haemulon_flavolineatum_010.jpg,haemulon_flavolineatum,acanthurus_coeruleus,0.8122141162554423,sparisoma_viride,0.7968364357948303,0.015377680460611942,False
unknown,hippocampus_erectus_001.jpg,hippocampus_erectus,pterois_volitans,0.6811145146687826,sphyraena_barracuda,0.6424101988474528,0.03870431582132983,False
unknown,hippocampus_erectus_002.jpg,hippocampus_erectus,pterois_volitans,0.6846334536870321,sphyraena_barracuda,0.6569512685139974,0.027682185173034668,False
unknown,hippocampus_erectus_003.jpg,hippocampus_erectus,pterois_volitans,0.6892230908075968,acanthurus_bahianus,0.662765900293986,0.02645719051361084,False
unknown,hippocampus_erectus_004.jpg,hippocampus_erectus,pterois_volitans,0.6832657059033712,lactophrys_triqueter,0.6525801618893942,0.03068554401397705,False
unknown,hippocampus_erectus_005.jpg,hippocampus_erectus,pterois_volitans,0.7035812139511108,acanthurus_bahianus,0.6775920589764913,0.02598915497461951,False
unknown,hippocampus_erectus_006.jpg,hippocampus_erectus,pterois_volitans,0.6998059153556824,acanthurus_coeruleus,0.6761466860771179,0.023659229278564453,False
unknown,hippocampus_erectus_007.jpg,hippocampus_erectus,gymnothorax_funebris,0.6869046886761984,pterois_volitans,0.6789655288060507,0.007939159870147705,False
unknown,hippocampus_erectus_008.jpg,hippocampus_erectus,pterois_volitans,0.7341830730438232,sparisoma_viride,0.6802197893460592,0.05396328369776404,False
unknown,hippocampus_erectus_009.jpg,hippocampus_erectus,pterois_volitans,0.7017337083816528,acanthurus_bahianus,0.645892878373464,0.055840830008188846,False
unknown,hippocampus_erectus_010.jpg,hippocampus_erectus,pterois_volitans,0.6897799173990885,lactophrys_triqueter,0.6621941924095154,0.027585724989573124,False
unknown,octopus_briareus_001.jpg,octopus_briareus,gymnothorax_funebris,0.7311475276947021,acanthurus_coeruleus,0.7219026883443197,0.00924483935038245,False
unknown,octopus_briareus_002.jpg,octopus_briareus,pterois_volitans,0.7762587269147238,gymnothorax_funebris,0.7512357234954834,0.025023003419240353,False
unknown,octopus_briareus_003.jpg,octopus_briareus,gymnothorax_funebris,0.7425290942192078,lactophrys_triqueter,0.7150252262751261,0.02750386794408166,False
unknown,octopus_briareus_004.jpg,octopus_briareus,gymnothorax_funebris,0.7461757659912109,diodon_hystrix,0.7072541912396749,0.038921574751536014,False
unknown,octopus_briareus_005.jpg,octopus_briareus,gymnothorax_funebris,0.7834787567456564,acanthurus_coeruleus,0.7797755002975464,0.0037032564481099817,False
unknown,octopus_briareus_006.jpg,octopus_briareus,gymnothorax_funebris,0.7485796213150024,acanthurus_coeruleus,0.746270497639974,0.002309123675028446,False
unknown,octopus_briareus_007.jpg,octopus_briareus,gymnothorax_funebris,0.7566010554631551,diodon_hystrix,0.7050007780392965,0.05160027742385864,False
unknown,octopus_briareus_008.jpg,octopus_briareus,gymnothorax_funebris,0.7528429428736368,pterois_volitans,0.7072080373764038,0.045634905497233036,False
unknown,octopus_briareus_009.jpg,octopus_briareus,gymnothorax_funebris,0.6936021844546,sparisoma_viride,0.6606917182604471,0.03291046619415283,False
unknown,octopus_briareus_010.jpg,octopus_briareus,gymnothorax_funebris,0.7571654717127482,diodon_hystrix,0.737281084060669,0.019884387652079227,False
